"시점","구분(1)",구분(2),데이터
"2010.01","서울특별시",서울특별시,59
"2010.01","대구광역시",대구광역시,56
"2010.01","인천광역시",인천광역시,64
"2010.01","광주광역시",광주광역시,46
"2010.01","대전광역시",대전광역시,48
"2010.01","울산광역시",울산광역시,46
"2010.01","경기도",도평균,68
"2010.01","강원도",도평균,62
"2010.01","충청북도",도평균,77
"2010.01","충청남도",도평균,45
"2010.01","전라북도",도평균,55
"2010.01","전라남도",도평균,46
"2010.01","경상북도",도평균,50
"2010.01","경상남도",도평균,45
"2010.01","제주특별자치도",도평균,54
"2010.02","서울특별시",서울특별시,50
"2010.02","대구광역시",대구광역시,49
"2010.02","인천광역시",인천광역시,54
"2010.02","광주광역시",광주광역시,39
"2010.02","대전광역시",대전광역시,39
"2010.02","울산광역시",울산광역시,44
"2010.02","경기도",도평균,56
"2010.02","강원도",도평균,55
"2010.02","충청북도",도평균,62
"2010.02","충청남도",도평균,40
"2010.02","전라북도",도평균,47
"2010.02","전라남도",도평균,40
"2010.02","경상북도",도평균,47
"2010.02","경상남도",도평균,42
"2010.02","제주특별자치도",도평균,41
"2010.03","서울특별시",서울특별시,61
"2010.03","대구광역시",대구광역시,69
"2010.03","인천광역시",인천광역시,67
"2010.03","광주광역시",광주광역시,65
"2010.03","대전광역시",대전광역시,52
"2010.03","울산광역시",울산광역시,60
"2010.03","경기도",도평균,67
"2010.03","강원도",도평균,70
"2010.03","충청북도",도평균,73
"2010.03","충청남도",도평균,57
"2010.03","전라북도",도평균,62
"2010.03","전라남도",도평균,58
"2010.03","경상북도",도평균,62
"2010.03","경상남도",도평균,61
"2010.03","제주특별자치도",도평균,71
"2010.04","서울특별시",서울특별시,49
"2010.04","대구광역시",대구광역시,47
"2010.04","인천광역시",인천광역시,55
"2010.04","광주광역시",광주광역시,42
"2010.04","대전광역시",대전광역시,41
"2010.04","울산광역시",울산광역시,47
"2010.04","경기도",도평균,57
"2010.04","강원도",도평균,58
"2010.04","충청북도",도평균,63
"2010.04","충청남도",도평균,47
"2010.04","전라북도",도평균,52
"2010.04","전라남도",도평균,39
"2010.04","경상북도",도평균,48
"2010.04","경상남도",도평균,45
"2010.04","제주특별자치도",도평균,47
"2010.05","서울특별시",서울특별시,56
"2010.05","대구광역시",대구광역시,55
"2010.05","인천광역시",인천광역시,62
"2010.05","광주광역시",광주광역시,62
"2010.05","대전광역시",대전광역시,52
"2010.05","울산광역시",울산광역시,54
"2010.05","경기도",도평균,66
"2010.05","강원도",도평균,60
"2010.05","충청북도",도평균,67
"2010.05","충청남도",도평균,52
"2010.05","전라북도",도평균,66
"2010.05","전라남도",도평균,51
"2010.05","경상북도",도평균,54
"2010.05","경상남도",도평균,52
"2010.05","제주특별자치도",도평균,58
"2010.06","서울특별시",서울특별시,51
"2010.06","대구광역시",대구광역시,47
"2010.06","인천광역시",인천광역시,57
"2010.06","광주광역시",광주광역시,39
"2010.06","대전광역시",대전광역시,40
"2010.06","울산광역시",울산광역시,50
"2010.06","경기도",도평균,62
"2010.06","강원도",도평균,48
"2010.06","충청북도",도평균,60
"2010.06","충청남도",도평균,46
"2010.06","전라북도",도평균,61
"2010.06","전라남도",도평균,37
"2010.06","경상북도",도평균,44
"2010.06","경상남도",도평균,43
"2010.06","제주특별자치도",도평균,37
"2010.07","서울특별시",서울특별시,33
"2010.07","대구광역시",대구광역시,36
"2010.07","인천광역시",인천광역시,37
"2010.07","광주광역시",광주광역시,27
"2010.07","대전광역시",대전광역시,26
"2010.07","울산광역시",울산광역시,39
"2010.07","경기도",도평균,41
"2010.07","강원도",도평균,33
"2010.07","충청북도",도평균,37
"2010.07","충청남도",도평균,29
"2010.07","전라북도",도평균,36
"2010.07","전라남도",도평균,27
"2010.07","경상북도",도평균,33
"2010.07","경상남도",도평균,36
"2010.07","제주특별자치도",도평균,31
"2010.08","서울특별시",서울특별시,32
"2010.08","대구광역시",대구광역시,38
"2010.08","인천광역시",인천광역시,37
"2010.08","광주광역시",광주광역시,28
"2010.08","대전광역시",대전광역시,27
"2010.08","울산광역시",울산광역시,40
"2010.08","경기도",도평균,39
"2010.08","강원도",도평균,32
"2010.08","충청북도",도평균,37
"2010.08","충청남도",도평균,30
"2010.08","전라북도",도평균,35
"2010.08","전라남도",도평균,30
"2010.08","경상북도",도평균,33
"2010.08","경상남도",도평균,36
"2010.08","제주특별자치도",도평균,29
"2010.09","서울특별시",서울특별시,25
"2010.09","대구광역시",대구광역시,36
"2010.09","인천광역시",인천광역시,34
"2010.09","광주광역시",광주광역시,29
"2010.09","대전광역시",대전광역시,28
"2010.09","울산광역시",울산광역시,36
"2010.09","경기도",도평균,34
"2010.09","강원도",도평균,24
"2010.09","충청북도",도평균,33
"2010.09","충청남도",도평균,31
"2010.09","전라북도",도평균,34
"2010.09","전라남도",도평균,29
"2010.09","경상북도",도평균,31
"2010.09","경상남도",도평균,31
"2010.09","제주특별자치도",도평균,29
"2010.10","서울특별시",서울특별시,41
"2010.10","대구광역시",대구광역시,43
"2010.10","인천광역시",인천광역시,51
"2010.10","광주광역시",광주광역시,42
"2010.10","대전광역시",대전광역시,40
"2010.10","울산광역시",울산광역시,39
"2010.10","경기도",도평균,51
"2010.10","강원도",도평균,38
"2010.10","충청북도",도평균,55
"2010.10","충청남도",도평균,48
"2010.10","전라북도",도평균,49
"2010.10","전라남도",도평균,35
"2010.10","경상북도",도평균,37
"2010.10","경상남도",도평균,39
"2010.10","제주특별자치도",도평균,45
"2010.11","서울특별시",서울특별시,71
"2010.11","대구광역시",대구광역시,70
"2010.11","인천광역시",인천광역시,78
"2010.11","광주광역시",광주광역시,70
"2010.11","대전광역시",대전광역시,71
"2010.11","울산광역시",울산광역시,62
"2010.11","경기도",도평균,83
"2010.11","강원도",도평균,68
"2010.11","충청북도",도평균,91
"2010.11","충청남도",도평균,71
"2010.11","전라북도",도평균,73
"2010.11","전라남도",도평균,58
"2010.11","경상북도",도평균,64
"2010.11","경상남도",도평균,59
"2010.11","제주특별자치도",도평균,86
"2010.12","서울특별시",서울특별시,62
"2010.12","대구광역시",대구광역시,67
"2010.12","인천광역시",인천광역시,67
"2010.12","광주광역시",광주광역시,54
"2010.12","대전광역시",대전광역시,57
"2010.12","울산광역시",울산광역시,55
"2010.12","경기도",도평균,71
"2010.12","강원도",도평균,63
"2010.12","충청북도",도평균,79
"2010.12","충청남도",도평균,54
"2010.12","전라북도",도평균,58
"2010.12","전라남도",도평균,49
"2010.12","경상북도",도평균,59
"2010.12","경상남도",도평균,57
"2010.12","제주특별자치도",도평균,53
"2011.01","서울특별시",서울특별시,44
"2011.01","대구광역시",대구광역시,41
"2011.01","인천광역시",인천광역시,48
"2011.01","광주광역시",광주광역시,34
"2011.01","대전광역시",대전광역시,39
"2011.01","울산광역시",울산광역시,39
"2011.01","경기도",도평균,54
"2011.01","강원도",도평균,51
"2011.01","충청북도",도평균,60
"2011.01","충청남도",도평균,34
"2011.01","전라북도",도평균,43
"2011.01","전라남도",도평균,33
"2011.01","경상북도",도평균,42
"2011.01","경상남도",도평균,37
"2011.01","제주특별자치도",도평균,32
"2011.02","서울특별시",서울특별시,75
"2011.02","대구광역시",대구광역시,65
"2011.02","인천광역시",인천광역시,79
"2011.02","광주광역시",광주광역시,60
"2011.02","대전광역시",대전광역시,63
"2011.02","울산광역시",울산광역시,59
"2011.02","경기도",도평균,86
"2011.02","강원도",도평균,75
"2011.02","충청북도",도평균,93
"2011.02","충청남도",도평균,61
"2011.02","전라북도",도평균,72
"2011.02","전라남도",도평균,56
"2011.02","경상북도",도평균,66
"2011.02","경상남도",도평균,60
"2011.02","제주특별자치도",도평균,54
"2011.03","서울특별시",서울특별시,65
"2011.03","대구광역시",대구광역시,58
"2011.03","인천광역시",인천광역시,71
"2011.03","광주광역시",광주광역시,55
"2011.03","대전광역시",대전광역시,59
"2011.03","울산광역시",울산광역시,63
"2011.03","경기도",도평균,76
"2011.03","강원도",도평균,70
"2011.03","충청북도",도평균,80
"2011.03","충청남도",도평균,62
"2011.03","전라북도",도평균,62
"2011.03","전라남도",도평균,46
"2011.03","경상북도",도평균,64
"2011.03","경상남도",도평균,54
"2011.03","제주특별자치도",도평균,49
"2011.04","서울특별시",서울특별시,56
"2011.04","대구광역시",대구광역시,51
"2011.04","인천광역시",인천광역시,63
"2011.04","광주광역시",광주광역시,54
"2011.04","대전광역시",대전광역시,52
"2011.04","울산광역시",울산광역시,59
"2011.04","경기도",도평균,68
"2011.04","강원도",도평균,63
"2011.04","충청북도",도평균,67
"2011.04","충청남도",도평균,53
"2011.04","전라북도",도평균,61
"2011.04","전라남도",도평균,47
"2011.04","경상북도",도평균,55
"2011.04","경상남도",도평균,53
"2011.04","제주특별자치도",도평균,51
"2011.05","서울특별시",서울특별시,72
"2011.05","대구광역시",대구광역시,66
"2011.05","인천광역시",인천광역시,84
"2011.05","광주광역시",광주광역시,67
"2011.05","대전광역시",대전광역시,67
"2011.05","울산광역시",울산광역시,75
"2011.05","경기도",도평균,80
"2011.05","강원도",도평균,70
"2011.05","충청북도",도평균,72
"2011.05","충청남도",도평균,72
"2011.05","전라북도",도평균,76
"2011.05","전라남도",도평균,67
"2011.05","경상북도",도평균,69
"2011.05","경상남도",도평균,71
"2011.05","제주특별자치도",도평균,80
"2011.06","서울특별시",서울특별시,44
"2011.06","대구광역시",대구광역시,46
"2011.06","인천광역시",인천광역시,50
"2011.06","광주광역시",광주광역시,45
"2011.06","대전광역시",대전광역시,43
"2011.06","울산광역시",울산광역시,55
"2011.06","경기도",도평균,54
"2011.06","강원도",도평균,42
"2011.06","충청북도",도평균,50
"2011.06","충청남도",도평균,42
"2011.06","전라북도",도평균,54
"2011.06","전라남도",도평균,43
"2011.06","경상북도",도평균,48
"2011.06","경상남도",도평균,49
"2011.06","제주특별자치도",도평균,41
"2011.07","서울특별시",서울특별시,28
"2011.07","대구광역시",대구광역시,35
"2011.07","인천광역시",인천광역시,36
"2011.07","광주광역시",광주광역시,28
"2011.07","대전광역시",대전광역시,28
"2011.07","울산광역시",울산광역시,42
"2011.07","경기도",도평균,37
"2011.07","강원도",도평균,27
"2011.07","충청북도",도평균,29
"2011.07","충청남도",도평균,26
"2011.07","전라북도",도평균,32
"2011.07","전라남도",도평균,34
"2011.07","경상북도",도평균,33
"2011.07","경상남도",도평균,34
"2011.07","제주특별자치도",도평균,28
"2011.08","서울특별시",서울특별시,27
"2011.08","대구광역시",대구광역시,32
"2011.08","인천광역시",인천광역시,36
"2011.08","광주광역시",광주광역시,27
"2011.08","대전광역시",대전광역시,25
"2011.08","울산광역시",울산광역시,35
"2011.08","경기도",도평균,35
"2011.08","강원도",도평균,25
"2011.08","충청북도",도평균,27
"2011.08","충청남도",도평균,26
"2011.08","전라북도",도평균,31
"2011.08","전라남도",도평균,32
"2011.08","경상북도",도평균,29
"2011.08","경상남도",도평균,31
"2011.08","제주특별자치도",도평균,28
"2011.09","서울특별시",서울특별시,29
"2011.09","대구광역시",대구광역시,32
"2011.09","인천광역시",인천광역시,40
"2011.09","광주광역시",광주광역시,30
"2011.09","대전광역시",대전광역시,28
"2011.09","울산광역시",울산광역시,35
"2011.09","경기도",도평균,37
"2011.09","강원도",도평균,29
"2011.09","충청북도",도평균,34
"2011.09","충청남도",도평균,32
"2011.09","전라북도",도평균,34
"2011.09","전라남도",도평균,30
"2011.09","경상북도",도평균,32
"2011.09","경상남도",도평균,31
"2011.09","제주특별자치도",도평균,29
"2011.10","서울특별시",서울특별시,42
"2011.10","대구광역시",대구광역시,44
"2011.10","인천광역시",인천광역시,54
"2011.10","광주광역시",광주광역시,40
"2011.10","대전광역시",대전광역시,42
"2011.10","울산광역시",울산광역시,46
"2011.10","경기도",도평균,52
"2011.10","강원도",도평균,45
"2011.10","충청북도",도평균,53
"2011.10","충청남도",도평균,46
"2011.10","전라북도",도평균,50
"2011.10","전라남도",도평균,37
"2011.10","경상북도",도평균,43
"2011.10","경상남도",도평균,42
"2011.10","제주특별자치도",도평균,41
"2011.11","서울특별시",서울특별시,38
"2011.11","대구광역시",대구광역시,47
"2011.11","인천광역시",인천광역시,49
"2011.11","광주광역시",광주광역시,38
"2011.11","대전광역시",대전광역시,40
"2011.11","울산광역시",울산광역시,45
"2011.11","경기도",도평균,49
"2011.11","강원도",도평균,47
"2011.11","충청북도",도평균,50
"2011.11","충청남도",도평균,40
"2011.11","전라북도",도평균,49
"2011.11","전라남도",도평균,36
"2011.11","경상북도",도평균,47
"2011.11","경상남도",도평균,41
"2011.11","제주특별자치도",도평균,37
"2011.12","서울특별시",서울특별시,46
"2011.12","대구광역시",대구광역시,43
"2011.12","인천광역시",인천광역시,50
"2011.12","광주광역시",광주광역시,35
"2011.12","대전광역시",대전광역시,43
"2011.12","울산광역시",울산광역시,41
"2011.12","경기도",도평균,58
"2011.12","강원도",도평균,48
"2011.12","충청북도",도평균,59
"2011.12","충청남도",도평균,38
"2011.12","전라북도",도평균,48
"2011.12","전라남도",도평균,34
"2011.12","경상북도",도평균,46
"2011.12","경상남도",도평균,40
"2011.12","제주특별자치도",도평균,36
"2012.01","서울특별시",서울특별시,60
"2012.01","대구광역시",대구광역시,51
"2012.01","인천광역시",인천광역시,63
"2012.01","광주광역시",광주광역시,45
"2012.01","대전광역시",대전광역시,51
"2012.01","울산광역시",울산광역시,48
"2012.01","경기도",도평균,67
"2012.01","강원도",도평균,66
"2012.01","충청북도",도평균,70
"2012.01","충청남도",도평균,50
"2012.01","전라북도",도평균,65
"2012.01","전라남도",도평균,43
"2012.01","경상북도",도평균,57
"2012.01","경상남도",도평균,46
"2012.01","제주특별자치도",도평균,47
"2012.02","서울특별시",서울특별시,50
"2012.02","대구광역시",대구광역시,49
"2012.02","인천광역시",인천광역시,56
"2012.02","광주광역시",광주광역시,40
"2012.02","대전광역시",대전광역시,45
"2012.02","울산광역시",울산광역시,47
"2012.02","경기도",도평균,58
"2012.02","강원도",도평균,56
"2012.02","충청북도",도평균,61
"2012.02","충청남도",도평균,48
"2012.02","전라북도",도평균,55
"2012.02","전라남도",도평균,39
"2012.02","경상북도",도평균,53
"2012.02","경상남도",도평균,45
"2012.02","제주특별자치도",도평균,38
"2012.03","서울특별시",서울특별시,46
"2012.03","대구광역시",대구광역시,48
"2012.03","인천광역시",인천광역시,55
"2012.03","광주광역시",광주광역시,45
"2012.03","대전광역시",대전광역시,46
"2012.03","울산광역시",울산광역시,49
"2012.03","경기도",도평균,56
"2012.03","강원도",도평균,54
"2012.03","충청북도",도평균,60
"2012.03","충청남도",도평균,52
"2012.03","전라북도",도평균,58
"2012.03","전라남도",도평균,43
"2012.03","경상북도",도평균,52
"2012.03","경상남도",도평균,48
"2012.03","제주특별자치도",도평균,44
"2012.04","서울특별시",서울특별시,51
"2012.04","대구광역시",대구광역시,50
"2012.04","인천광역시",인천광역시,57
"2012.04","광주광역시",광주광역시,45
"2012.04","대전광역시",대전광역시,49
"2012.04","울산광역시",울산광역시,59
"2012.04","경기도",도평균,58
"2012.04","강원도",도평균,59
"2012.04","충청북도",도평균,62
"2012.04","충청남도",도평균,51
"2012.04","전라북도",도평균,57
"2012.04","전라남도",도평균,40
"2012.04","경상북도",도평균,55
"2012.04","경상남도",도평균,50
"2012.04","제주특별자치도",도평균,40
"2012.05","서울특별시",서울특별시,52
"2012.05","대구광역시",대구광역시,49
"2012.05","인천광역시",인천광역시,64
"2012.05","광주광역시",광주광역시,56
"2012.05","대전광역시",대전광역시,53
"2012.05","울산광역시",울산광역시,60
"2012.05","경기도",도평균,63
"2012.05","강원도",도평균,55
"2012.05","충청북도",도평균,62
"2012.05","충청남도",도평균,59
"2012.05","전라북도",도평균,69
"2012.05","전라남도",도평균,48
"2012.05","경상북도",도평균,52
"2012.05","경상남도",도평균,53
"2012.05","제주특별자치도",도평균,49
"2012.06","서울특별시",서울특별시,40
"2012.06","대구광역시",대구광역시,37
"2012.06","인천광역시",인천광역시,45
"2012.06","광주광역시",광주광역시,35
"2012.06","대전광역시",대전광역시,37
"2012.06","울산광역시",울산광역시,40
"2012.06","경기도",도평균,48
"2012.06","강원도",도평균,42
"2012.06","충청북도",도평균,45
"2012.06","충청남도",도평균,38
"2012.06","전라북도",도평균,43
"2012.06","전라남도",도평균,33
"2012.06","경상북도",도평균,39
"2012.06","경상남도",도평균,38
"2012.06","제주특별자치도",도평균,20
"2012.07","서울특별시",서울특별시,28
"2012.07","대구광역시",대구광역시,34
"2012.07","인천광역시",인천광역시,30
"2012.07","광주광역시",광주광역시,24
"2012.07","대전광역시",대전광역시,27
"2012.07","울산광역시",울산광역시,49
"2012.07","경기도",도평균,34
"2012.07","강원도",도평균,33
"2012.07","충청북도",도평균,34
"2012.07","충청남도",도평균,25
"2012.07","전라북도",도평균,28
"2012.07","전라남도",도평균,28
"2012.07","경상북도",도평균,37
"2012.07","경상남도",도평균,36
"2012.07","제주특별자치도",도평균,20
"2012.08","서울특별시",서울특별시,22
"2012.08","대구광역시",대구광역시,27
"2012.08","인천광역시",인천광역시,28
"2012.08","광주광역시",광주광역시,22
"2012.08","대전광역시",대전광역시,19
"2012.08","울산광역시",울산광역시,36
"2012.08","경기도",도평균,28
"2012.08","강원도",도평균,25
"2012.08","충청북도",도평균,21
"2012.08","충청남도",도평균,23
"2012.08","전라북도",도평균,25
"2012.08","전라남도",도평균,25
"2012.08","경상북도",도평균,29
"2012.08","경상남도",도평균,29
"2012.08","제주특별자치도",도평균,19
"2012.09","서울특별시",서울특별시,27
"2012.09","대구광역시",대구광역시,31
"2012.09","인천광역시",인천광역시,35
"2012.09","광주광역시",광주광역시,32
"2012.09","대전광역시",대전광역시,28
"2012.09","울산광역시",울산광역시,36
"2012.09","경기도",도평균,36
"2012.09","강원도",도평균,29
"2012.09","충청북도",도평균,34
"2012.09","충청남도",도평균,33
"2012.09","전라북도",도평균,40
"2012.09","전라남도",도평균,30
"2012.09","경상북도",도평균,32
"2012.09","경상남도",도평균,33
"2012.09","제주특별자치도",도평균,29
"2012.10","서울특별시",서울특별시,33
"2012.10","대구광역시",대구광역시,43
"2012.10","인천광역시",인천광역시,40
"2012.10","광주광역시",광주광역시,39
"2012.10","대전광역시",대전광역시,33
"2012.10","울산광역시",울산광역시,44
"2012.10","경기도",도평균,42
"2012.10","강원도",도평균,40
"2012.10","충청북도",도평균,45
"2012.10","충청남도",도평균,35
"2012.10","전라북도",도평균,44
"2012.10","전라남도",도평균,35
"2012.10","경상북도",도평균,43
"2012.10","경상남도",도평균,41
"2012.10","제주특별자치도",도평균,36
"2012.11","서울특별시",서울특별시,42
"2012.11","대구광역시",대구광역시,48
"2012.11","인천광역시",인천광역시,49
"2012.11","광주광역시",광주광역시,43
"2012.11","대전광역시",대전광역시,44
"2012.11","울산광역시",울산광역시,45
"2012.11","경기도",도평균,52
"2012.11","강원도",도평균,52
"2012.11","충청북도",도평균,59
"2012.11","충청남도",도평균,41
"2012.11","전라북도",도평균,52
"2012.11","전라남도",도평균,40
"2012.11","경상북도",도평균,50
"2012.11","경상남도",도평균,47
"2012.11","제주특별자치도",도평균,40
"2012.12","서울특별시",서울특별시,41
"2012.12","대구광역시",대구광역시,43
"2012.12","인천광역시",인천광역시,46
"2012.12","광주광역시",광주광역시,31
"2012.12","대전광역시",대전광역시,38
"2012.12","울산광역시",울산광역시,34
"2012.12","경기도",도평균,50
"2012.12","강원도",도평균,49
"2012.12","충청북도",도평균,60
"2012.12","충청남도",도평균,37
"2012.12","전라북도",도평균,46
"2012.12","전라남도",도평균,28
"2012.12","경상북도",도평균,43
"2012.12","경상남도",도평균,39
"2012.12","제주특별자치도",도평균,25
"2013.01","서울특별시",서울특별시,64
"2013.01","대구광역시",대구광역시,65
"2013.01","인천광역시",인천광역시,63
"2013.01","광주광역시",광주광역시,52
"2013.01","대전광역시",대전광역시,58
"2013.01","울산광역시",울산광역시,54
"2013.01","경기도",도평균,72
"2013.01","강원도",도평균,72
"2013.01","충청북도",도평균,85
"2013.01","충청남도",도평균,53
"2013.01","전라북도",도평균,72
"2013.01","전라남도",도평균,48
"2013.01","경상북도",도평균,66
"2013.01","경상남도",도평균,61
"2013.01","제주특별자치도",도평균,42
"2013.02","서울특별시",서울특별시,45
"2013.02","대구광역시",대구광역시,50
"2013.02","인천광역시",인천광역시,50
"2013.02","광주광역시",광주광역시,40
"2013.02","대전광역시",대전광역시,47
"2013.02","울산광역시",울산광역시,46
"2013.02","경기도",도평균,53
"2013.02","강원도",도평균,56
"2013.02","충청북도",도평균,64
"2013.02","충청남도",도평균,43
"2013.02","전라북도",도평균,57
"2013.02","전라남도",도평균,36
"2013.02","경상북도",도평균,52
"2013.02","경상남도",도평균,48
"2013.02","제주특별자치도",도평균,34
"2013.03","서울특별시",서울특별시,55
"2013.03","대구광역시",대구광역시,60
"2013.03","인천광역시",인천광역시,58
"2013.03","광주광역시",광주광역시,59
"2013.03","대전광역시",대전광역시,54
"2013.03","울산광역시",울산광역시,64
"2013.03","경기도",도평균,65
"2013.03","강원도",도평균,68
"2013.03","충청북도",도평균,78
"2013.03","충청남도",도평균,51
"2013.03","전라북도",도평균,67
"2013.03","전라남도",도평균,53
"2013.03","경상북도",도평균,67
"2013.03","경상남도",도평균,63
"2013.03","제주특별자치도",도평균,54
"2013.04","서울특별시",서울특별시,52
"2013.04","대구광역시",대구광역시,45
"2013.04","인천광역시",인천광역시,59
"2013.04","광주광역시",광주광역시,46
"2013.04","대전광역시",대전광역시,48
"2013.04","울산광역시",울산광역시,46
"2013.04","경기도",도평균,63
"2013.04","강원도",도평균,57
"2013.04","충청북도",도평균,65
"2013.04","충청남도",도평균,51
"2013.04","전라북도",도평균,59
"2013.04","전라남도",도평균,40
"2013.04","경상북도",도평균,52
"2013.04","경상남도",도평균,47
"2013.04","제주특별자치도",도평균,42
"2013.05","서울특별시",서울특별시,55
"2013.05","대구광역시",대구광역시,52
"2013.05","인천광역시",인천광역시,60
"2013.05","광주광역시",광주광역시,57
"2013.05","대전광역시",대전광역시,53
"2013.05","울산광역시",울산광역시,59
"2013.05","경기도",도평균,66
"2013.05","강원도",도평균,60
"2013.05","충청북도",도평균,67
"2013.05","충청남도",도평균,55
"2013.05","전라북도",도평균,62
"2013.05","전라남도",도평균,52
"2013.05","경상북도",도평균,61
"2013.05","경상남도",도평균,58
"2013.05","제주특별자치도",도평균,53
"2013.06","서울특별시",서울특별시,40
"2013.06","대구광역시",대구광역시,44
"2013.06","인천광역시",인천광역시,48
"2013.06","광주광역시",광주광역시,42
"2013.06","대전광역시",대전광역시,40
"2013.06","울산광역시",울산광역시,49
"2013.06","경기도",도평균,52
"2013.06","강원도",도평균,41
"2013.06","충청북도",도평균,47
"2013.06","충청남도",도평균,39
"2013.06","전라북도",도평균,50
"2013.06","전라남도",도평균,35
"2013.06","경상북도",도평균,47
"2013.06","경상남도",도평균,44
"2013.06","제주특별자치도",도평균,33
"2013.07","서울특별시",서울특별시,34
"2013.07","대구광역시",대구광역시,32
"2013.07","인천광역시",인천광역시,39
"2013.07","광주광역시",광주광역시,33
"2013.07","대전광역시",대전광역시,28
"2013.07","울산광역시",울산광역시,44
"2013.07","경기도",도평균,42
"2013.07","강원도",도평균,36
"2013.07","충청북도",도평균,33
"2013.07","충청남도",도평균,30
"2013.07","전라북도",도평균,33
"2013.07","전라남도",도평균,34
"2013.07","경상북도",도평균,39
"2013.07","경상남도",도평균,37
"2013.07","제주특별자치도",도평균,28
"2013.08","서울특별시",서울특별시,35
"2013.08","대구광역시",대구광역시,39
"2013.08","인천광역시",인천광역시,40
"2013.08","광주광역시",광주광역시,32
"2013.08","대전광역시",대전광역시,28
"2013.08","울산광역시",울산광역시,49
"2013.08","경기도",도평균,44
"2013.08","강원도",도평균,39
"2013.08","충청북도",도평균,36
"2013.08","충청남도",도평균,33
"2013.08","전라북도",도평균,33
"2013.08","전라남도",도평균,34
"2013.08","경상북도",도평균,42
"2013.08","경상남도",도평균,44
"2013.08","제주특별자치도",도평균,32
"2013.09","서울특별시",서울특별시,28
"2013.09","대구광역시",대구광역시,31
"2013.09","인천광역시",인천광역시,35
"2013.09","광주광역시",광주광역시,33
"2013.09","대전광역시",대전광역시,29
"2013.09","울산광역시",울산광역시,32
"2013.09","경기도",도평균,37
"2013.09","강원도",도평균,31
"2013.09","충청북도",도평균,34
"2013.09","충청남도",도평균,31
"2013.09","전라북도",도평균,38
"2013.09","전라남도",도평균,29
"2013.09","경상북도",도평균,35
"2013.09","경상남도",도평균,34
"2013.09","제주특별자치도",도평균,33
"2013.10","서울특별시",서울특별시,29
"2013.10","대구광역시",대구광역시,35
"2013.10","인천광역시",인천광역시,36
"2013.10","광주광역시",광주광역시,32
"2013.10","대전광역시",대전광역시,30
"2013.10","울산광역시",울산광역시,36
"2013.10","경기도",도평균,38
"2013.10","강원도",도평균,34
"2013.10","충청북도",도평균,39
"2013.10","충청남도",도평균,32
"2013.10","전라북도",도평균,40
"2013.10","전라남도",도평균,29
"2013.10","경상북도",도평균,38
"2013.10","경상남도",도평균,38
"2013.10","제주특별자치도",도평균,38
"2013.11","서울특별시",서울특별시,42
"2013.11","대구광역시",대구광역시,42
"2013.11","인천광역시",인천광역시,46
"2013.11","광주광역시",광주광역시,39
"2013.11","대전광역시",대전광역시,39
"2013.11","울산광역시",울산광역시,41
"2013.11","경기도",도평균,52
"2013.11","강원도",도평균,47
"2013.11","충청북도",도평균,53
"2013.11","충청남도",도평균,39
"2013.11","전라북도",도평균,48
"2013.11","전라남도",도평균,34
"2013.11","경상북도",도평균,47
"2013.11","경상남도",도평균,45
"2013.11","제주특별자치도",도평균,49
"2013.12","서울특별시",서울특별시,55
"2013.12","대구광역시",대구광역시,48
"2013.12","인천광역시",인천광역시,55
"2013.12","광주광역시",광주광역시,42
"2013.12","대전광역시",대전광역시,46
"2013.12","울산광역시",울산광역시,45
"2013.12","경기도",도평균,65
"2013.12","강원도",도평균,65
"2013.12","충청북도",도평균,63
"2013.12","충청남도",도평균,44
"2013.12","전라북도",도평균,54
"2013.12","전라남도",도평균,38
"2013.12","경상북도",도평균,55
"2013.12","경상남도",도평균,50
"2013.12","제주특별자치도",도평균,45
"2014.01","서울특별시",서울특별시,57
"2014.01","대구광역시",대구광역시,60
"2014.01","인천광역시",인천광역시,58
"2014.01","광주광역시",광주광역시,52
"2014.01","대전광역시",대전광역시,56
"2014.01","울산광역시",울산광역시,55
"2014.01","경기도",도평균,68
"2014.01","강원도",도평균,66
"2014.01","충청북도",도평균,75
"2014.01","충청남도",도평균,52
"2014.01","전라북도",도평균,66
"2014.01","전라남도",도평균,51
"2014.01","경상북도",도평균,65
"2014.01","경상남도",도평균,64
"2014.01","제주특별자치도",도평균,56
"2014.02","서울특별시",서울특별시,57
"2014.02","대구광역시",대구광역시,50
"2014.02","인천광역시",인천광역시,58
"2014.02","광주광역시",광주광역시,46
"2014.02","대전광역시",대전광역시,51
"2014.02","울산광역시",울산광역시,45
"2014.02","경기도",도평균,67
"2014.02","강원도",도평균,60
"2014.02","충청북도",도평균,65
"2014.02","충청남도",도평균,54
"2014.02","전라북도",도평균,67
"2014.02","전라남도",도평균,42
"2014.02","경상북도",도평균,55
"2014.02","경상남도",도평균,52
"2014.02","제주특별자치도",도평균,46
"2014.03","서울특별시",서울특별시,60
"2014.03","대구광역시",대구광역시,50
"2014.03","인천광역시",인천광역시,58
"2014.03","광주광역시",광주광역시,49
"2014.03","대전광역시",대전광역시,50
"2014.03","울산광역시",울산광역시,49
"2014.03","경기도",도평균,68
"2014.03","강원도",도평균,68
"2014.03","충청북도",도평균,67
"2014.03","충청남도",도평균,52
"2014.03","전라북도",도평균,60
"2014.03","전라남도",도평균,44
"2014.03","경상북도",도평균,57
"2014.03","경상남도",도평균,52
"2014.03","제주특별자치도",도평균,56
"2014.04","서울특별시",서울특별시,58
"2014.04","대구광역시",대구광역시,53
"2014.04","인천광역시",인천광역시,59
"2014.04","광주광역시",광주광역시,43
"2014.04","대전광역시",대전광역시,45
"2014.04","울산광역시",울산광역시,56
"2014.04","경기도",도평균,68
"2014.04","강원도",도평균,66
"2014.04","충청북도",도평균,65
"2014.04","충청남도",도평균,52
"2014.04","전라북도",도평균,59
"2014.04","전라남도",도평균,43
"2014.04","경상북도",도평균,59
"2014.04","경상남도",도평균,52
"2014.04","제주특별자치도",도평균,49
"2014.05","서울특별시",서울특별시,63
"2014.05","대구광역시",대구광역시,60
"2014.05","인천광역시",인천광역시,67
"2014.05","광주광역시",광주광역시,64
"2014.05","대전광역시",대전광역시,59
"2014.05","울산광역시",울산광역시,67
"2014.05","경기도",도평균,71
"2014.05","강원도",도평균,67
"2014.05","충청북도",도평균,70
"2014.05","충청남도",도평균,62
"2014.05","전라북도",도평균,73
"2014.05","전라남도",도평균,56
"2014.05","경상북도",도평균,66
"2014.05","경상남도",도평균,67
"2014.05","제주특별자치도",도평균,77
"2014.06","서울특별시",서울특별시,38
"2014.06","대구광역시",대구광역시,42
"2014.06","인천광역시",인천광역시,43
"2014.06","광주광역시",광주광역시,41
"2014.06","대전광역시",대전광역시,39
"2014.06","울산광역시",울산광역시,48
"2014.06","경기도",도평균,47
"2014.06","강원도",도평균,44
"2014.06","충청북도",도평균,47
"2014.06","충청남도",도평균,39
"2014.06","전라북도",도평균,48
"2014.06","전라남도",도평균,40
"2014.06","경상북도",도평균,47
"2014.06","경상남도",도평균,48
"2014.06","제주특별자치도",도평균,51
"2014.07","서울특별시",서울특별시,38
"2014.07","대구광역시",대구광역시,38
"2014.07","인천광역시",인천광역시,41
"2014.07","광주광역시",광주광역시,29
"2014.07","대전광역시",대전광역시,31
"2014.07","울산광역시",울산광역시,45
"2014.07","경기도",도평균,46
"2014.07","강원도",도평균,39
"2014.07","충청북도",도평균,37
"2014.07","충청남도",도평균,34
"2014.07","전라북도",도평균,36
"2014.07","전라남도",도평균,32
"2014.07","경상북도",도평균,42
"2014.07","경상남도",도평균,40
"2014.07","제주특별자치도",도평균,38
"2014.08","서울특별시",서울특별시,29
"2014.08","대구광역시",대구광역시,27
"2014.08","인천광역시",인천광역시,34
"2014.08","광주광역시",광주광역시,32
"2014.08","대전광역시",대전광역시,23
"2014.08","울산광역시",울산광역시,32
"2014.08","경기도",도평균,36
"2014.08","강원도",도평균,32
"2014.08","충청북도",도평균,28
"2014.08","충청남도",도평균,28
"2014.08","전라북도",도평균,31
"2014.08","전라남도",도평균,26
"2014.08","경상북도",도평균,32
"2014.08","경상남도",도평균,29
"2014.08","제주특별자치도",도평균,30
"2014.09","서울특별시",서울특별시,29
"2014.09","대구광역시",대구광역시,33
"2014.09","인천광역시",인천광역시,36
"2014.09","광주광역시",광주광역시,31
"2014.09","대전광역시",대전광역시,27
"2014.09","울산광역시",울산광역시,35
"2014.09","경기도",도평균,35
"2014.09","강원도",도평균,31
"2014.09","충청북도",도평균,33
"2014.09","충청남도",도평균,31
"2014.09","전라북도",도평균,37
"2014.09","전라남도",도평균,28
"2014.09","경상북도",도평균,33
"2014.09","경상남도",도평균,37
"2014.09","제주특별자치도",도평균,33
"2014.10","서울특별시",서울특별시,33
"2014.10","대구광역시",대구광역시,36
"2014.10","인천광역시",인천광역시,40
"2014.10","광주광역시",광주광역시,32
"2014.10","대전광역시",대전광역시,29
"2014.10","울산광역시",울산광역시,39
"2014.10","경기도",도평균,41
"2014.10","강원도",도평균,37
"2014.10","충청북도",도평균,36
"2014.10","충청남도",도평균,35
"2014.10","전라북도",도평균,40
"2014.10","전라남도",도평균,28
"2014.10","경상북도",도평균,39
"2014.10","경상남도",도평균,41
"2014.10","제주특별자치도",도평균,38
"2014.11","서울특별시",서울특별시,45
"2014.11","대구광역시",대구광역시,49
"2014.11","인천광역시",인천광역시,47
"2014.11","광주광역시",광주광역시,37
"2014.11","대전광역시",대전광역시,39
"2014.11","울산광역시",울산광역시,46
"2014.11","경기도",도평균,53
"2014.11","강원도",도평균,48
"2014.11","충청북도",도평균,51
"2014.11","충청남도",도평균,35
"2014.11","전라북도",도평균,46
"2014.11","전라남도",도평균,30
"2014.11","경상북도",도평균,47
"2014.11","경상남도",도평균,48
"2014.11","제주특별자치도",도평균,39
"2014.12","서울특별시",서울특별시,44
"2014.12","대구광역시",대구광역시,44
"2014.12","인천광역시",인천광역시,45
"2014.12","광주광역시",광주광역시,35
"2014.12","대전광역시",대전광역시,43
"2014.12","울산광역시",울산광역시,38
"2014.12","경기도",도평균,51
"2014.12","강원도",도평균,51
"2014.12","충청북도",도평균,49
"2014.12","충청남도",도평균,35
"2014.12","전라북도",도평균,44
"2014.12","전라남도",도평균,31
"2014.12","경상북도",도평균,43
"2014.12","경상남도",도평균,42
"2014.12","제주특별자치도",도평균,46
"2015.01","서울특별시",서울특별시,49
"2015.01","대구광역시",대구광역시,54
"2015.01","인천광역시",인천광역시,53
"2015.01","광주광역시",광주광역시,43
"2015.01","대전광역시",대전광역시,52
"2015.01","울산광역시",울산광역시,46
"2015.01","경기도",도평균,58
"2015.01","강원도",도평균,59
"2015.01","충청북도",도평균,61
"2015.01","충청남도",도평균,45
"2015.01","전라북도",도평균,54
"2015.01","전라남도",도평균,37
"2015.01","경상북도",도평균,50
"2015.01","경상남도",도평균,48
"2015.01","제주특별자치도",도평균,49
"2015.02","서울특별시",서울특별시,84
"2015.02","대구광역시",대구광역시,66
"2015.02","인천광역시",인천광역시,84
"2015.02","광주광역시",광주광역시,59
"2015.02","대전광역시",대전광역시,68
"2015.02","울산광역시",울산광역시,64
"2015.02","경기도",도평균,88
"2015.02","강원도",도평균,85
"2015.02","충청북도",도평균,81
"2015.02","충청남도",도평균,67
"2015.02","전라북도",도평균,73
"2015.02","전라남도",도평균,52
"2015.02","경상북도",도평균,68
"2015.02","경상남도",도평균,64
"2015.02","제주특별자치도",도평균,61
"2015.03","서울특별시",서울특별시,71
"2015.03","대구광역시",대구광역시,61
"2015.03","인천광역시",인천광역시,73
"2015.03","광주광역시",광주광역시,64
"2015.03","대전광역시",대전광역시,68
"2015.03","울산광역시",울산광역시,59
"2015.03","경기도",도평균,78
"2015.03","강원도",도평균,77
"2015.03","충청북도",도평균,77
"2015.03","충청남도",도평균,66
"2015.03","전라북도",도평균,77
"2015.03","전라남도",도평균,49
"2015.03","경상북도",도평균,63
"2015.03","경상남도",도평균,57
"2015.03","제주특별자치도",도평균,59
"2015.04","서울특별시",서울특별시,45
"2015.04","대구광역시",대구광역시,42
"2015.04","인천광역시",인천광역시,54
"2015.04","광주광역시",광주광역시,40
"2015.04","대전광역시",대전광역시,40
"2015.04","울산광역시",울산광역시,49
"2015.04","경기도",도평균,51
"2015.04","강원도",도평균,51
"2015.04","충청북도",도평균,44
"2015.04","충청남도",도평균,43
"2015.04","전라북도",도평균,47
"2015.04","전라남도",도평균,38
"2015.04","경상북도",도평균,45
"2015.04","경상남도",도평균,47
"2015.04","제주특별자치도",도평균,47
"2015.05","서울특별시",서울특별시,45
"2015.05","대구광역시",대구광역시,48
"2015.05","인천광역시",인천광역시,52
"2015.05","광주광역시",광주광역시,41
"2015.05","대전광역시",대전광역시,49
"2015.05","울산광역시",울산광역시,57
"2015.05","경기도",도평균,51
"2015.05","강원도",도평균,55
"2015.05","충청북도",도평균,52
"2015.05","충청남도",도평균,46
"2015.05","전라북도",도평균,50
"2015.05","전라남도",도평균,41
"2015.05","경상북도",도평균,49
"2015.05","경상남도",도평균,51
"2015.05","제주특별자치도",도평균,42
"2015.06","서울특별시",서울특별시,35
"2015.06","대구광역시",대구광역시,47
"2015.06","인천광역시",인천광역시,42
"2015.06","광주광역시",광주광역시,41
"2015.06","대전광역시",대전광역시,40
"2015.06","울산광역시",울산광역시,50
"2015.06","경기도",도평균,41
"2015.06","강원도",도평균,41
"2015.06","충청북도",도평균,42
"2015.06","충청남도",도평균,42
"2015.06","전라북도",도평균,47
"2015.06","전라남도",도평균,40
"2015.06","경상북도",도평균,44
"2015.06","경상남도",도평균,49
"2015.06","제주특별자치도",도평균,41
"2015.07","서울특별시",서울특별시,30
"2015.07","대구광역시",대구광역시,34
"2015.07","인천광역시",인천광역시,34*
"2015.07","광주광역시",광주광역시,31*
"2015.07","대전광역시",대전광역시,31*
"2015.07","울산광역시",울산광역시,38
"2015.07","경기도",도평균,34
"2015.07","강원도",도평균,33
"2015.07","충청북도",도평균,32*
"2015.07","충청남도",도평균,32*
"2015.07","전라북도",도평균,33
"2015.07","전라남도",도평균,34*
"2015.07","경상북도",도평균,33
"2015.07","경상남도",도평균,39
"2015.07","제주특별자치도",도평균,34
"2015.08","서울특별시",서울특별시,34
"2015.08","대구광역시",대구광역시,37
"2015.08","인천광역시",인천광역시,42*
"2015.08","광주광역시",광주광역시,29*
"2015.08","대전광역시",대전광역시,32*
"2015.08","울산광역시",울산광역시,38*
"2015.08","경기도",도평균,38
"2015.08","강원도",도평균,38*
"2015.08","충청북도",도평균,34
"2015.08","충청남도",도평균,37*
"2015.08","전라북도",도평균,33
"2015.08","전라남도",도평균,32
"2015.08","경상북도",도평균,35*
"2015.08","경상남도",도평균,38
"2015.08","제주특별자치도",도평균,35
"2015.09","서울특별시",서울특별시,28
"2015.09","대구광역시",대구광역시,30
"2015.09","인천광역시",인천광역시,38*
"2015.09","광주광역시",광주광역시,25*
"2015.09","대전광역시",대전광역시,27
"2015.09","울산광역시",울산광역시,28*
"2015.09","경기도",도평균,33*
"2015.09","강원도",도평균,28
"2015.09","충청북도",도평균,31**
"2015.09","충청남도",도평균,30
"2015.09","전라북도",도평균,29*
"2015.09","전라남도",도평균,25*
"2015.09","경상북도",도평균,30*
"2015.09","경상남도",도평균,31
"2015.09","제주특별자치도",도평균,33
"2015.10","서울특별시",서울특별시,44
"2015.10","대구광역시",대구광역시,43
"2015.10","인천광역시",인천광역시,53
"2015.10","광주광역시",광주광역시,49*
"2015.10","대전광역시",대전광역시,50
"2015.10","울산광역시",울산광역시,43*
"2015.10","경기도",도평균,54*
"2015.10","강원도",도평균,42*
"2015.10","충청북도",도평균,52
"2015.10","충청남도",도평균,47
"2015.10","전라북도",도평균,60*
"2015.10","전라남도",도평균,42
"2015.10","경상북도",도평균,41*
"2015.10","경상남도",도평균,45
"2015.10","제주특별자치도",도평균,50*
"2015.11","서울특별시",서울특별시,33
"2015.11","대구광역시",대구광역시,34
"2015.11","인천광역시",인천광역시,41
"2015.11","광주광역시",광주광역시,35
"2015.11","대전광역시",대전광역시,37
"2015.11","울산광역시",울산광역시,31
"2015.11","경기도",도평균,40
"2015.11","강원도",도평균,35
"2015.11","충청북도",도평균,40
"2015.11","충청남도",도평균,39
"2015.11","전라북도",도평균,43
"2015.11","전라남도",도평균,29
"2015.11","경상북도",도평균,32
"2015.11","경상남도",도평균,35
"2015.11","제주특별자치도",도평균,38*
"2015.12","서울특별시",서울특별시,48
"2015.12","대구광역시",대구광역시,51
"2015.12","인천광역시",인천광역시,54
"2015.12","광주광역시",광주광역시,42
"2015.12","대전광역시",대전광역시,49
"2015.12","울산광역시",울산광역시,39
"2015.12","경기도",도평균,60
"2015.12","강원도",도평균,52
"2015.12","충청북도",도평균,54
"2015.12","충청남도",도평균,45
"2015.12","전라북도",도평균,54
"2015.12","전라남도",도평균,36
"2015.12","경상북도",도평균,45
"2015.12","경상남도",도평균,43
"2015.12","제주특별자치도",도평균,41
"2016.01","서울특별시",서울특별시,50
"2016.01","대구광역시",대구광역시,49
"2016.01","인천광역시",인천광역시,49
"2016.01","광주광역시",광주광역시,39
"2016.01","대전광역시",대전광역시,48
"2016.01","울산광역시",울산광역시,43
"2016.01","세종특별자치시",세종특별자치시,52
"2016.01","경기도",도평균,58
"2016.01","강원도",도평균,50
"2016.01","충청북도",도평균,53
"2016.01","충청남도",도평균,45
"2016.01","전라북도",도평균,54
"2016.01","전라남도",도평균,37
"2016.01","경상북도",도평균,45
"2016.01","경상남도",도평균,45
"2016.01","제주특별자치도",도평균,43
"2016.02","서울특별시",서울특별시,45
"2016.02","대구광역시",대구광역시,45
"2016.02","인천광역시",인천광역시,46
"2016.02","광주광역시",광주광역시,44
"2016.02","대전광역시",대전광역시,46
"2016.02","울산광역시",울산광역시,42
"2016.02","세종특별자치시",세종특별자치시,47
"2016.02","경기도",도평균,52
"2016.02","강원도",도평균,49
"2016.02","충청북도",도평균,50
"2016.02","충청남도",도평균,43
"2016.02","전라북도",도평균,51
"2016.02","전라남도",도평균,39
"2016.02","경상북도",도평균,42
"2016.02","경상남도",도평균,47
"2016.02","제주특별자치도",도평균,50
"2016.03","서울특별시",서울특별시,64
"2016.03","대구광역시",대구광역시,52
"2016.03","인천광역시",인천광역시,65
"2016.03","광주광역시",광주광역시,52
"2016.03","대전광역시",대전광역시,59
"2016.03","울산광역시",울산광역시,50
"2016.03","세종특별자치시",세종특별자치시,59
"2016.03","경기도",도평균,71
"2016.03","강원도",도평균,63
"2016.03","충청북도",도평균,67
"2016.03","충청남도",도평균,61
"2016.03","전라북도",도평균,64
"2016.03","전라남도",도평균,46
"2016.03","경상북도",도평균,48
"2016.03","경상남도",도평균,52
"2016.03","제주특별자치도",도평균,50
"2016.04","서울특별시",서울특별시,71
"2016.04","대구광역시",대구광역시,60
"2016.04","인천광역시",인천광역시,72
"2016.04","광주광역시",광주광역시,64
"2016.04","대전광역시",대전광역시,64
"2016.04","울산광역시",울산광역시,61
"2016.04","세종특별자치시",세종특별자치시,60
"2016.04","경기도",도평균,76
"2016.04","강원도",도평균,67
"2016.04","충청북도",도평균,66
"2016.04","충청남도",도평균,71
"2016.04","전라북도",도평균,75
"2016.04","전라남도",도평균,53
"2016.04","경상북도",도평균,55
"2016.04","경상남도",도평균,59
"2016.04","제주특별자치도",도평균,58
"2016.05","서울특별시",서울특별시,56
"2016.05","대구광역시",대구광역시,48
"2016.05","인천광역시",인천광역시,58
"2016.05","광주광역시",광주광역시,49
"2016.05","대전광역시",대전광역시,49
"2016.05","울산광역시",울산광역시,57
"2016.05","세종특별자치시",세종특별자치시,47
"2016.05","경기도",도평균,58
"2016.05","강원도",도평균,56
"2016.05","충청북도",도평균,53
"2016.05","충청남도",도평균,55
"2016.05","전라북도",도평균,58
"2016.05","전라남도",도평균,47
"2016.05","경상북도",도평균,47
"2016.05","경상남도",도평균,53
"2016.05","제주특별자치도",도평균,53
"2016.06","서울특별시",서울특별시,46
"2016.06","대구광역시",대구광역시,39
"2016.06","인천광역시",인천광역시,48
"2016.06","광주광역시",광주광역시,35
"2016.06","대전광역시",대전광역시,38
"2016.06","울산광역시",울산광역시,41
"2016.06","세종특별자치시",세종특별자치시,39
"2016.06","경기도",도평균,46
"2016.06","강원도",도평균,43
"2016.06","충청북도",도평균,39
"2016.06","충청남도",도평균,47
"2016.06","전라북도",도평균,48
"2016.06","전라남도",도평균,33
"2016.06","경상북도",도평균,34
"2016.06","경상남도",도평균,42
"2016.06","제주특별자치도",도평균,34
"2016.07","서울특별시",서울특별시,33
"2016.07","대구광역시",대구광역시,29
"2016.07","인천광역시",인천광역시,35
"2016.07","광주광역시",광주광역시,23
"2016.07","대전광역시",대전광역시,27
"2016.07","울산광역시",울산광역시,32
"2016.07","세종특별자치시",세종특별자치시,30
"2016.07","경기도",도평균,32
"2016.07","강원도",도평균,31
"2016.07","충청북도",도평균,23
"2016.07","충청남도",도평균,31
"2016.07","전라북도",도평균,29
"2016.07","전라남도",도평균,25
"2016.07","경상북도",도평균,25
"2016.07","경상남도",도평균,33
"2016.07","제주특별자치도",도평균,27
"2016.08","서울특별시",서울특별시,34
"2016.08","대구광역시",대구광역시,28
"2016.08","인천광역시",인천광역시,37
"2016.08","광주광역시",광주광역시,28
"2016.08","대전광역시",대전광역시,29
"2016.08","울산광역시",울산광역시,32
"2016.08","세종특별자치시",세종특별자치시,38
"2016.08","경기도",도평균,36
"2016.08","강원도",도평균,29
"2016.08","충청북도",도평균,26
"2016.08","충청남도",도평균,40
"2016.08","전라북도",도평균,37
"2016.08","전라남도",도평균,32
"2016.08","경상북도",도평균,24
"2016.08","경상남도",도평균,36
"2016.08","제주특별자치도",도평균,29
"2016.09","서울특별시",서울특별시,37
"2016.09","대구광역시",대구광역시,33
"2016.09","인천광역시",인천광역시,41
"2016.09","광주광역시",광주광역시,31
"2016.09","대전광역시",대전광역시,32
"2016.09","울산광역시",울산광역시,35
"2016.09","세종특별자치시",세종특별자치시,39
"2016.09","경기도",도평균,41
"2016.09","강원도",도평균,34
"2016.09","충청북도",도평균,31
"2016.09","충청남도",도평균,42
"2016.09","전라북도",도평균,41
"2016.09","전라남도",도평균,30
"2016.09","경상북도",도평균,31
"2016.09","경상남도",도평균,37
"2016.09","제주특별자치도",도평균,35
"2016.10","서울특별시",서울특별시,38
"2016.10","대구광역시",대구광역시,35
"2016.10","인천광역시",인천광역시,42
"2016.10","광주광역시",광주광역시,32
"2016.10","대전광역시",대전광역시,36
"2016.10","울산광역시",울산광역시,37
"2016.10","세종특별자치시",세종특별자치시,39
"2016.10","경기도",도평균,44
"2016.10","강원도",도평균,37
"2016.10","충청북도",도평균,37
"2016.10","충청남도",도평균,46
"2016.10","전라북도",도평균,44
"2016.10","전라남도",도평균,30
"2016.10","경상북도",도평균,34
"2016.10","경상남도",도평균,38
"2016.10","제주특별자치도",도평균,40
"2016.11","서울특별시",서울특별시,52
"2016.11","대구광역시",대구광역시,52*
"2016.11","인천광역시",인천광역시,55
"2016.11","광주광역시",광주광역시,44
"2016.11","대전광역시",대전광역시,51
"2016.11","울산광역시",울산광역시,48
"2016.11","세종특별자치시",세종특별자치시,53
"2016.11","경기도",도평균,61
"2016.11","강원도",도평균,55
"2016.11","충청북도",도평균,55
"2016.11","충청남도",도평균,51
"2016.11","전라북도",도평균,57
"2016.11","전라남도",도평균,37
"2016.11","경상북도",도평균,50
"2016.11","경상남도",도평균,50
"2016.11","제주특별자치도",도평균,39
"2016.12","서울특별시",서울특별시,48
"2016.12","대구광역시",대구광역시,47
"2016.12","인천광역시",인천광역시,47
"2016.12","광주광역시",광주광역시,40
"2016.12","대전광역시",대전광역시,47
"2016.12","울산광역시",울산광역시,40
"2016.12","세종특별자치시",세종특별자치시,49
"2016.12","경기도",도평균,56
"2016.12","강원도",도평균,48
"2016.12","충청북도",도평균,51
"2016.12","충청남도",도평균,43
"2016.12","전라북도",도평균,51
"2016.12","전라남도",도평균,32
"2016.12","경상북도",도평균,44
"2016.12","경상남도",도평균,44
"2016.12","제주특별자치도",도평균,36
"2017.01","서울특별시",서울특별시,53
"2017.01","대구광역시",대구광역시,49
"2017.01","인천광역시",인천광역시,52
"2017.01","광주광역시",광주광역시,47
"2017.01","대전광역시",대전광역시,51
"2017.01","울산광역시",울산광역시,42
"2017.01","세종특별자치시",세종특별자치시,53
"2017.01","경기도",도평균,63
"2017.01","강원도",도평균,56
"2017.01","충청북도",도평균,56
"2017.01","충청남도",도평균,50
"2017.01","전라북도",도평균,56
"2017.01","전라남도",도평균,36
"2017.01","경상북도",도평균,47
"2017.01","경상남도",도평균,46
"2017.01","제주특별자치도",도평균,35
"2017.02","서울특별시",서울특별시,46
"2017.02","대구광역시",대구광역시,41
"2017.02","인천광역시",인천광역시,47
"2017.02","광주광역시",광주광역시,35
"2017.02","대전광역시",대전광역시,46
"2017.02","울산광역시",울산광역시,39
"2017.02","세종특별자치시",세종특별자치시,46
"2017.02","경기도",도평균,55
"2017.02","강원도",도평균,54
"2017.02","충청북도",도평균,50
"2017.02","충청남도",도평균,45
"2017.02","전라북도",도평균,50
"2017.02","전라남도",도평균,33
"2017.02","경상북도",도평균,41
"2017.02","경상남도",도평균,42
"2017.02","제주특별자치도",도평균,37
"2017.03","서울특별시",서울특별시,60
"2017.03","대구광역시",대구광역시,48
"2017.03","인천광역시",인천광역시,62
"2017.03","광주광역시",광주광역시,49
"2017.03","대전광역시",대전광역시,54
"2017.03","울산광역시",울산광역시,51
"2017.03","세종특별자치시",세종특별자치시,57
"2017.03","경기도",도평균,71
"2017.03","강원도",도평균,60
"2017.03","충청북도",도평균,58
"2017.03","전라북도",도평균,66
"2017.03","전라남도",도평균,42
"2017.03","경상북도",도평균,47
"2017.03","경상남도",도평균,50
"2017.03","제주특별자치도",도평균,44
"2017.04","서울특별시",서울특별시,56
"2017.04","대구광역시",대구광역시,50
"2017.04","인천광역시",인천광역시,58
"2017.04","광주광역시",광주광역시,54
"2017.04","대전광역시",대전광역시,58
"2017.04","울산광역시",울산광역시,55
"2017.04","세종특별자치시",세종특별자치시,58
"2017.04","경기도",도평균,64
"2017.04","강원도",도평균,55
"2017.04","충청북도",도평균,54
"2017.04","충청남도",도평균,61
"2017.04","전라북도",도평균,64
"2017.04","전라남도",도평균,45
"2017.04","경상북도",도평균,46
"2017.04","경상남도",도평균,52
"2017.04","제주특별자치도",도평균,54
"2017.05","서울특별시",서울특별시,63
"2017.05","대구광역시",대구광역시,53
"2017.05","인천광역시",인천광역시,63
"2017.05","광주광역시",광주광역시,56
"2017.05","대전광역시",대전광역시,63
"2017.05","울산광역시",울산광역시,64
"2017.05","세종특별자치시",세종특별자치시,64
"2017.05","경기도",도평균,70
"2017.05","강원도",도평균,61
"2017.05","충청북도",도평균,57
"2017.05","충청남도",도평균,68
"2017.05","전라북도",도평균,67
"2017.05","전라남도",도평균,51
"2017.05","경상북도",도평균,51
"2017.05","경상남도",도평균,55
"2017.05","제주특별자치도",도평균,47
"2017.06","서울특별시",서울특별시,41
"2017.06","대구광역시",대구광역시,38
"2017.06","인천광역시",인천광역시,42
"2017.06","광주광역시",광주광역시,35
"2017.06","대전광역시",대전광역시,43
"2017.06","울산광역시",울산광역시,44
"2017.06","세종특별자치시",세종특별자치시,44
"2017.06","경기도",도평균,45
"2017.06","강원도",도평균,41
"2017.06","충청북도",도평균,40
"2017.06","충청남도",도평균,43
"2017.06","전라북도",도평균,44
"2017.06","전라남도",도평균,34
"2017.06","경상북도",도평균,35
"2017.06","경상남도",도평균,42
"2017.06","제주특별자치도",도평균,37
"2017.07","서울특별시",서울특별시,33
"2017.07","대구광역시",대구광역시,34
"2017.07","인천광역시",인천광역시,37
"2017.07","광주광역시",광주광역시,24
"2017.07","대전광역시",대전광역시,32
"2017.07","울산광역시",울산광역시,41
"2017.07","세종특별자치시",세종특별자치시,36
"2017.07","경기도",도평균,37
"2017.07","강원도",도평균,33
"2017.07","충청북도",도평균,28
"2017.07","충청남도",도평균,33
"2017.07","전라북도",도평균,31
"2017.07","전라남도",도평균,30
"2017.07","경상북도",도평균,30
"2017.07","경상남도",도평균,39
"2017.07","제주특별자치도",도평균,26
"2017.08","서울특별시",서울특별시,21
"2017.08","대구광역시",대구광역시,24
"2017.08","인천광역시",인천광역시,27*
"2017.08","광주광역시",광주광역시,24
"2017.08","대전광역시",대전광역시,24
"2017.08","울산광역시",울산광역시,27
"2017.08","세종특별자치시",세종특별자치시,28
"2017.08","경기도",도평균,26
"2017.08","강원도",도평균,22
"2017.08","충청북도",도평균,20
"2017.08","충청남도",도평균,28
"2017.08","전라북도",도평균,27
"2017.08","전라남도",도평균,25
"2017.08","경상북도",도평균,22
"2017.08","경상남도",도평균,29
"2017.08","제주특별자치도",도평균,28*
"2017.09","서울특별시",서울특별시,32
"2017.09","대구광역시",대구광역시,36*
"2017.09","인천광역시",인천광역시,38
"2017.09","광주광역시",광주광역시,34
"2017.09","대전광역시",대전광역시,37
"2017.09","울산광역시",울산광역시,36
"2017.09","세종특별자치시",세종특별자치시,40
"2017.09","경기도",도평균,41
"2017.09","강원도",도평균,34*
"2017.09","충청북도",도평균,35
"2017.09","충청남도",도평균,40
"2017.09","전라북도",도평균,38
"2017.09","전라남도",도평균,30
"2017.09","경상북도",도평균,32
"2017.09","경상남도",도평균,35
"2017.09","제주특별자치도",도평균,32*
"2017.10","서울특별시",서울특별시,29
"2017.10","대구광역시",대구광역시,32*
"2017.10","인천광역시",인천광역시,33
"2017.10","광주광역시",광주광역시,33
"2017.10","대전광역시",대전광역시,36
"2017.10","울산광역시",울산광역시,29
"2017.10","세종특별자치시",세종특별자치시,39
"2017.10","경기도",도평균,37
"2017.10","강원도",도평균,27
"2017.10","충청북도",도평균,32
"2017.10","충청남도",도평균,38
"2017.10","전라북도",도평균,39
"2017.10","전라남도",도평균,25
"2017.10","경상북도",도평균,31
"2017.10","경상남도",도평균,30
"2017.10","제주특별자치도",도평균,27
"2017.11","서울특별시",서울특별시,42
"2017.11","대구광역시",대구광역시,52
"2017.11","인천광역시",인천광역시,41
"2017.11","광주광역시",광주광역시,50
"2017.11","대전광역시",대전광역시,51
"2017.11","울산광역시",울산광역시,46
"2017.11","세종특별자치시",세종특별자치시,50
"2017.11","경기도",도평균,51
"2017.11","강원도",도평균,43
"2017.11","충청북도",도평균,50
"2017.11","충청남도",도평균,46
"2017.11","전라북도",도평균,52
"2017.11","전라남도",도평균,39
"2017.11","경상북도",도평균,49
"2017.11","경상남도",도평균,48
"2017.11","제주특별자치도",도평균,40
"2017.12","서울특별시",서울특별시,50
"2017.12","대구광역시",대구광역시,46
"2017.12","인천광역시",인천광역시,45
"2017.12","광주광역시",광주광역시,44
"2017.12","대전광역시",대전광역시,49
"2017.12","울산광역시",울산광역시,38
"2017.12","세종특별자치시",세종특별자치시,47
"2017.12","경기도",도평균,54
"2017.12","강원도",도평균,43
"2017.12","충청북도",도평균,48
"2017.12","충청남도",도평균,44
"2017.12","전라북도",도평균,44
"2017.12","전라남도",도평균,34
"2017.12","경상북도",도평균,47
"2017.12","경상남도",도평균,43
"2017.12","제주특별자치도",도평균,34
"2018.01","서울특별시",서울특별시,52
"2018.01","대구광역시",대구광역시,47
"2018.01","인천광역시",인천광역시,48
"2018.01","광주광역시",광주광역시,45
"2018.01","대전광역시",대전광역시,56
"2018.01","울산광역시",울산광역시,40
"2018.01","세종특별자치시",세종특별자치시,53
"2018.01","경기도",도평균,56
"2018.01","강원도",도평균,47
"2018.01","충청북도",도평균,54
"2018.01","충청남도",도평균,51
"2018.01","전라북도",도평균,54
"2018.01","전라남도",도평균,37
"2018.01","경상북도",도평균,48
"2018.01","경상남도",도평균,43
"2018.01","제주특별자치도",도평균,33
"2018.02","서울특별시",서울특별시,53
"2018.02","대구광역시",대구광역시,48
"2018.02","인천광역시",인천광역시,49
"2018.02","광주광역시",광주광역시,50
"2018.02","대전광역시",대전광역시,56
"2018.02","울산광역시",울산광역시,47
"2018.02","세종특별자치시",세종특별자치시,51
"2018.02","경기도",도평균,56
"2018.02","강원도",도평균,46
"2018.02","충청북도",도평균,51
"2018.02","충청남도",도평균,49
"2018.02","전라북도",도평균,58
"2018.02","전라남도",도평균,42
"2018.02","경상북도",도평균,52
"2018.02","경상남도",도평균,49
"2018.02","제주특별자치도",도평균,42
"2018.03","서울특별시",서울특별시,52
"2018.03","대구광역시",대구광역시,43
"2018.03","인천광역시",인천광역시,49
"2018.03","광주광역시",광주광역시,48
"2018.03","대전광역시",대전광역시,52
"2018.03","울산광역시",울산광역시,40
"2018.03","세종특별자치시",세종특별자치시,46
"2018.03","경기도",도평균,56
"2018.03","강원도",도평균,44
"2018.03","충청북도",도평균,50
"2018.03","충청남도",도평균,48
"2018.03","전라북도",도평균,55
"2018.03","전라남도",도평균,39
"2018.03","경상북도",도평균,48
"2018.03","경상남도",도평균,42
"2018.03","제주특별자치도",도평균,42
"2018.04","서울특별시",서울특별시,52
"2018.04","대구광역시",대구광역시,56
"2018.04","인천광역시",인천광역시,46
"2018.04","광주광역시",광주광역시,56
"2018.04","대전광역시",대전광역시,60
"2018.04","울산광역시",울산광역시,64
"2018.04","세종특별자치시",세종특별자치시,55
"2018.04","경기도",도평균,56
"2018.04","강원도",도평균,54
"2018.04","충청북도",도평균,55
"2018.04","충청남도",도평균,51
"2018.04","전라북도",도평균,58
"2018.04","전라남도",도평균,51
"2018.04","경상북도",도평균,63
"2018.04","경상남도",도평균,60
"2018.04","제주특별자치도",도평균,55
"2018.05","서울특별시",서울특별시,42
"2018.05","대구광역시",대구광역시,40
"2018.05","인천광역시",인천광역시,40
"2018.05","광주광역시",광주광역시,40
"2018.05","대전광역시",대전광역시,47
"2018.05","울산광역시",울산광역시,45
"2018.05","세종특별자치시",세종특별자치시,45
"2018.05","경기도",도평균,45
"2018.05","강원도",도평균,41
"2018.05","충청북도",도평균,44
"2018.05","충청남도",도평균,42
"2018.05","전라북도",도평균,42
"2018.05","전라남도",도평균,35
"2018.05","경상북도",도평균,48
"2018.05","경상남도",도평균,42
"2018.05","제주특별자치도",도평균,37
"2018.06","서울특별시",서울특별시,37
"2018.06","대구광역시",대구광역시,36
"2018.06","인천광역시",인천광역시,34
"2018.06","광주광역시",광주광역시,41
"2018.06","대전광역시",대전광역시,38
"2018.06","울산광역시",울산광역시,42
"2018.06","세종특별자치시",세종특별자치시,36
"2018.06","경기도",도평균,39
"2018.06","강원도",도평균,35
"2018.06","충청북도",도평균,38
"2018.06","충청남도",도평균,36
"2018.06","전라북도",도평균,43
"2018.06","전라남도",도평균,35
"2018.06","경상북도",도평균,39
"2018.06","경상남도",도평균,41
"2018.06","제주특별자치도",도평균,33
"2018.07","서울특별시",서울특별시,24
"2018.07","대구광역시",대구광역시,27
"2018.07","인천광역시",인천광역시,26
"2018.07","광주광역시",광주광역시,26
"2018.07","대전광역시",대전광역시,26
"2018.07","울산광역시",울산광역시,39
"2018.07","세종특별자치시",세종특별자치시,27
"2018.07","경기도",도평균,26
"2018.07","강원도",도평균,28
"2018.07","충청북도",도평균,30
"2018.07","충청남도",도평균,23
"2018.07","전라북도",도평균,25
"2018.07","전라남도",도평균,26
"2018.07","경상북도",도평균,32
"2018.07","경상남도",도평균,35
"2018.07","제주특별자치도",도평균,28
"2018.08","서울특별시",서울특별시,22
"2018.08","대구광역시",대구광역시,22
"2018.08","인천광역시",인천광역시,25
"2018.08","광주광역시",광주광역시,24
"2018.08","대전광역시",대전광역시,22
"2018.08","울산광역시",울산광역시,25
"2018.08","세종특별자치시",세종특별자치시,24
"2018.08","경기도",도평균,25
"2018.08","강원도",도평균,23
"2018.08","충청북도",도평균,25
"2018.08","충청남도",도평균,24
"2018.08","전라북도",도평균,23
"2018.08","전라남도",도평균,23
"2018.08","경상북도",도평균,24
"2018.08","경상남도",도평균,28
"2018.08","제주특별자치도",도평균,25
"2018.09","서울특별시",서울특별시,20
"2018.09","대구광역시",대구광역시,24
"2018.09","인천광역시",인천광역시,24
"2018.09","광주광역시",광주광역시,25
"2018.09","대전광역시",대전광역시,22
"2018.09","울산광역시",울산광역시,26
"2018.09","세종특별자치시",세종특별자치시,23
"2018.09","경기도",도평균,24
"2018.09","강원도",도평균,23
"2018.09","충청북도",도평균,26
"2018.09","충청남도",도평균,22
"2018.09","전라북도",도평균,24
"2018.09","전라남도",도평균,23
"2018.09","경상북도",도평균,28
"2018.09","경상남도",도평균,29
"2018.09","제주특별자치도",도평균,26
"2018.10","서울특별시",서울특별시,28
"2018.10","대구광역시",대구광역시,32
"2018.10","인천광역시",인천광역시,33
"2018.10","광주광역시",광주광역시,34
"2018.10","대전광역시",대전광역시,31
"2018.10","울산광역시",울산광역시,31
"2018.10","세종특별자치시",세종특별자치시,31
"2018.10","경기도",도평균,35
"2018.10","강원도",도평균,26
"2018.10","충청북도",도평균,39
"2018.10","충청남도",도평균,31
"2018.10","전라북도",도평균,35
"2018.10","전라남도",도평균,29
"2018.10","경상북도",도평균,35
"2018.10","경상남도",도평균,34
"2018.10","제주특별자치도",도평균,30
"2018.11","서울특별시",서울특별시,52
"2018.11","대구광역시",대구광역시,57
"2018.11","인천광역시",인천광역시,55
"2018.11","광주광역시",광주광역시,59
"2018.11","대전광역시",대전광역시,63
"2018.11","울산광역시",울산광역시,47
"2018.11","세종특별자치시",세종특별자치시,58
"2018.11","경기도",도평균,62
"2018.11","강원도",도평균,46
"2018.11","충청북도",도평균,65
"2018.11","충청남도",도평균,60
"2018.11","전라북도",도평균,63
"2018.11","전라남도",도평균,45
"2018.11","경상북도",도평균,60
"2018.11","경상남도",도평균,52
"2018.11","제주특별자치도",도평균,39
"2018.12","서울특별시",서울특별시,43
"2018.12","대구광역시",대구광역시,47
"2018.12","인천광역시",인천광역시,45
"2018.12","광주광역시",광주광역시,43
"2018.12","대전광역시",대전광역시,51
"2018.12","울산광역시",울산광역시,35
"2018.12","세종특별자치시",세종특별자치시,55
"2018.12","경기도",도평균,50
"2018.12","강원도",도평균,41
"2018.12","충청북도",도평균,53
"2018.12","충청남도",도평균,45
"2018.12","전라북도",도평균,47
"2018.12","전라남도",도평균,37
"2018.12","경상북도",도평균,49
"2018.12","경상남도",도평균,43
"2018.12","제주특별자치도",도평균,30
"2019.01","서울특별시",서울특별시,66
"2019.01","대구광역시",대구광역시,57
"2019.01","인천광역시",인천광역시,62
"2019.01","광주광역시",광주광역시,53
"2019.01","대전광역시",대전광역시,66
"2019.01","울산광역시",울산광역시,45
"2019.01","세종특별자치시",세종특별자치시,70
"2019.01","경기도",도평균,72
"2019.01","강원도",도평균,59
"2019.01","충청북도",도평균,70
"2019.01","충청남도",도평균,62
"2019.01","전라북도",도평균,61
"2019.01","전라남도",도평균,42
"2019.01","경상북도",도평균,62
"2019.01","경상남도",도평균,49
"2019.01","제주특별자치도",도평균,35
"2019.02","서울특별시",서울특별시,57
"2019.02","대구광역시",대구광역시,54
"2019.02","인천광역시",인천광역시,55
"2019.02","광주광역시",광주광역시,57
"2019.02","대전광역시",대전광역시,62
"2019.02","울산광역시",울산광역시,46
"2019.02","세종특별자치시",세종특별자치시,64
"2019.02","경기도",도평균,61
"2019.02","강원도",도평균,51
"2019.02","충청북도",도평균,63
"2019.02","충청남도",도평균,58
"2019.02","전라북도",도평균,62
"2019.02","전라남도",도평균,47
"2019.02","경상북도",도평균,57
"2019.02","경상남도",도평균,51
"2019.02","제주특별자치도",도평균,42
"2019.03","서울특별시",서울특별시,69
"2019.03","대구광역시",대구광역시,54
"2019.03","인천광역시",인천광역시,67
"2019.03","광주광역시",광주광역시,63
"2019.03","대전광역시",대전광역시,68
"2019.03","울산광역시",울산광역시,49
"2019.03","세종특별자치시",세종특별자치시,71
"2019.03","경기도",도평균,72
"2019.03","강원도",도평균,59
"2019.03","충청북도",도평균,67
"2019.03","충청남도",도평균,67
"2019.03","전라북도",도평균,68
"2019.03","전라남도",도평균,48
"2019.03","경상북도",도평균,60
"2019.03","경상남도",도평균,51
"2019.03","제주특별자치도",도평균,50
"2019.04","서울특별시",서울특별시,41
"2019.04","대구광역시",대구광역시,40
"2019.04","인천광역시",인천광역시,43
"2019.04","광주광역시",광주광역시,43
"2019.04","대전광역시",대전광역시,40
"2019.04","울산광역시",울산광역시,40
"2019.04","세종특별자치시",세종특별자치시,40
"2019.04","경기도",도평균,45
"2019.04","강원도",도평균,39
"2019.04","충청북도",도평균,43
"2019.04","충청남도",도평균,43
"2019.04","전라북도",도평균,44
"2019.04","전라남도",도평균,33
"2019.04","경상북도",도평균,43
"2019.04","경상남도",도평균,40
"2019.04","제주특별자치도",도평균,38
"2019.05","서울특별시",서울특별시,52
"2019.05","대구광역시",대구광역시,46
"2019.05","인천광역시",인천광역시,51
"2019.05","광주광역시",광주광역시,50
"2019.05","대전광역시",대전광역시,46
"2019.05","울산광역시",울산광역시,49
"2019.05","세종특별자치시",세종특별자치시,50
"2019.05","경기도",도평균,56
"2019.05","강원도",도평균,46
"2019.05","충청북도",도평균,50
"2019.05","충청남도",도평균,52
"2019.05","전라북도",도평균,50
"2019.05","전라남도",도평균,41
"2019.05","경상북도",도평균,47
"2019.05","경상남도",도평균,47
"2019.05","제주특별자치도",도평균,43
"2019.06","서울특별시",서울특별시,29
"2019.06","대구광역시",대구광역시,32
"2019.06","인천광역시",인천광역시,29
"2019.06","광주광역시",광주광역시,40
"2019.06","대전광역시",대전광역시,30
"2019.06","울산광역시",울산광역시,34
"2019.06","세종특별자치시",세종특별자치시,34
"2019.06","경기도",도평균,32
"2019.06","강원도",도평균,29
"2019.06","충청북도",도평균,36
"2019.06","충청남도",도평균,34
"2019.06","전라북도",도평균,38
"2019.06","전라남도",도평균,31
"2019.06","경상북도",도평균,33
"2019.06","경상남도",도평균,36
"2019.06","제주특별자치도",도평균,30
"2019.07","서울특별시",서울특별시,26
"2019.07","대구광역시",대구광역시,26
"2019.07","인천광역시",인천광역시,31
"2019.07","광주광역시",광주광역시,29
"2019.07","대전광역시",대전광역시,23
"2019.07","울산광역시",울산광역시,29
"2019.07","세종특별자치시",세종특별자치시,23
"2019.07","경기도",도평균,30
"2019.07","강원도",도평균,26
"2019.07","충청북도",도평균,24
"2019.07","충청남도",도평균,26
"2019.07","전라북도",도평균,26
"2019.07","전라남도",도평균,23
"2019.07","경상북도",도평균,28
"2019.07","경상남도",도평균,29
"2019.07","제주특별자치도",도평균,26
"2019.08","서울특별시",서울특별시,25
"2019.08","대구광역시",대구광역시,26
"2019.08","인천광역시",인천광역시,30
"2019.08","광주광역시",광주광역시,31
"2019.08","대전광역시",대전광역시,25
"2019.08","울산광역시",울산광역시,30
"2019.08","세종특별자치시",세종특별자치시,27
"2019.08","경기도",도평균,29
"2019.08","강원도",도평균,26
"2019.08","충청북도",도평균,26
"2019.08","충청남도",도평균,29
"2019.08","전라북도",도평균,29
"2019.08","전라남도",도평균,28
"2019.08","경상북도",도평균,28
"2019.08","경상남도",도평균,32
"2019.08","제주특별자치도",도평균,30
"2019.09","서울특별시",서울특별시,21
"2019.09","대구광역시",대구광역시,23
"2019.09","인천광역시",인천광역시,28
"2019.09","광주광역시",광주광역시,27
"2019.09","대전광역시",대전광역시,22
"2019.09","울산광역시",울산광역시,25
"2019.09","세종특별자치시",세종특별자치시,23
"2019.09","경기도",도평균,26
"2019.09","강원도",도평균,21
"2019.09","충청북도",도평균,23
"2019.09","충청남도",도평균,27
"2019.09","전라북도",도평균,26
"2019.09","전라남도",도평균,22
"2019.09","경상북도",도평균,25
"2019.09","경상남도",도평균,27
"2019.09","제주특별자치도",도평균,25
"2019.10","서울특별시",서울특별시,31
"2019.10","대구광역시",대구광역시,27
"2019.10","인천광역시",인천광역시,35
"2019.10","광주광역시",광주광역시,35
"2019.10","대전광역시",대전광역시,29
"2019.10","울산광역시",울산광역시,27
"2019.10","세종특별자치시",세종특별자치시,32
"2019.10","경기도",도평균,37
"2019.10","강원도",도평균,28
"2019.10","충청북도",도평균,33
"2019.10","충청남도",도평균,38
"2019.10","전라북도",도평균,34
"2019.10","전라남도",도평균,27
"2019.10","경상북도",도평균,31
"2019.10","경상남도",도평균,30
"2019.10","제주특별자치도",도평균,32
"2019.11","서울특별시",서울특별시,40
"2019.11","대구광역시",대구광역시,41
"2019.11","인천광역시",인천광역시,41
"2019.11","광주광역시",광주광역시,43
"2019.11","대전광역시",대전광역시,43
"2019.11","울산광역시",울산광역시,34
"2019.11","세종특별자치시",세종특별자치시,45
"2019.11","경기도",도평균,47
"2019.11","강원도",도평균,36
"2019.11","충청북도",도평균,47
"2019.11","충청남도",도평균,46
"2019.11","전라북도",도평균,43
"2019.11","전라남도",도평균,35
"2019.11","경상북도",도평균,40
"2019.11","경상남도",도평균,37
"2019.11","제주특별자치도",도평균,40
"2019.12","서울특별시",서울특별시,42
"2019.12","대구광역시",대구광역시,42
"2019.12","인천광역시",인천광역시,40
"2019.12","광주광역시",광주광역시,33
"2019.12","대전광역시",대전광역시,40
"2019.12","울산광역시",울산광역시,33
"2019.12","세종특별자치시",세종특별자치시,46
"2019.12","경기도",도평균,47
"2019.12","강원도",도평균,37
"2019.12","충청북도",도평균,46
"2019.12","충청남도",도평균,42
"2019.12","전라북도",도평균,36
"2019.12","전라남도",도평균,28
"2019.12","경상북도",도평균,39
"2019.12","경상남도",도평균,33
"2019.12","제주특별자치도",도평균,29
"2020.01","서울특별시",서울특별시,42
"2020.01","대구광역시",대구광역시,37
"2020.01","인천광역시",인천광역시,42
"2020.01","광주광역시",광주광역시,36
"2020.01","대전광역시",대전광역시,41
"2020.01","울산광역시",울산광역시,30
"2020.01","세종특별자치시",세종특별자치시,47
"2020.01","경기도",도평균,47
"2020.01","강원도",도평균,34
"2020.01","충청북도",도평균,46
"2020.01","충청남도",도평균,45
"2020.01","전라북도",도평균,40
"2020.01","전라남도",도평균,31
"2020.01","경상북도",도평균,34
"2020.01","경상남도",도평균,29
"2020.01","제주특별자치도",도평균,31
"2020.02","서울특별시",서울특별시,41
"2020.02","대구광역시",대구광역시,38
"2020.02","인천광역시",인천광역시,37
"2020.02","광주광역시",광주광역시,32
"2020.02","대전광역시",대전광역시,38
"2020.02","울산광역시",울산광역시,31
"2020.02","세종특별자치시",세종특별자치시,43
"2020.02","경기도",도평균,44
"2020.02","강원도",도평균,36
"2020.02","충청북도",도평균,42
"2020.02","충청남도",도평균,44
"2020.02","전라북도",도평균,36
"2020.02","전라남도",도평균,31
"2020.02","경상북도",도평균,35
"2020.02","경상남도",도평균,32
"2020.02","제주특별자치도",도평균,34
"2020.03","서울특별시",서울특별시,45
"2020.03","대구광역시",대구광역시,38
"2020.03","인천광역시",인천광역시,41
"2020.03","광주광역시",광주광역시,35
"2020.03","대전광역시",대전광역시,40
"2020.03","울산광역시",울산광역시,34
"2020.03","세종특별자치시",세종특별자치시,47
"2020.03","경기도",도평균,49
"2020.03","강원도",도평균,37
"2020.03","충청북도",도평균,43
"2020.03","충청남도",도평균,48
"2020.03","전라북도",도평균,41
"2020.03","전라남도",도평균,31
"2020.03","경상북도",도평균,36
"2020.03","경상남도",도평균,31
"2020.03","제주특별자치도",도평균,35
"2020.04","서울특별시",서울특별시,44
"2020.04","대구광역시",대구광역시,39
"2020.04","인천광역시",인천광역시,39
"2020.04","광주광역시",광주광역시,38
"2020.04","대전광역시",대전광역시,41
"2020.04","울산광역시",울산광역시,36
"2020.04","세종특별자치시",세종특별자치시,44
"2020.04","경기도",도평균,47
"2020.04","강원도",도평균,39
"2020.04","충청북도",도평균,43
"2020.04","충청남도",도평균,45
"2020.04","전라북도",도평균,41
"2020.04","전라남도",도평균,34
"2020.04","경상북도",도평균,38
"2020.04","경상남도",도평균,33
"2020.04","제주특별자치도",도평균,41
"2020.05","서울특별시",서울특별시,35
"2020.05","대구광역시",대구광역시,38
"2020.05","인천광역시",인천광역시,31
"2020.05","광주광역시",광주광역시,31
"2020.05","대전광역시",대전광역시,32
"2020.05","울산광역시",울산광역시,36
"2020.05","세종특별자치시",세종특별자치시,34
"2020.05","경기도",도평균,38
"2020.05","강원도",도평균,29
"2020.05","충청북도",도평균,33
"2020.05","충청남도",도평균,35
"2020.05","전라북도",도평균,34
"2020.05","전라남도",도평균,29
"2020.05","경상북도",도평균,33
"2020.05","경상남도",도평균,32
"2020.05","제주특별자치도",도평균,36
"2020.06","서울특별시",서울특별시,36
"2020.06","대구광역시",대구광역시,35
"2020.06","인천광역시",인천광역시,32
"2020.06","광주광역시",광주광역시,31
"2020.06","대전광역시",대전광역시,34
"2020.06","울산광역시",울산광역시,32
"2020.06","세종특별자치시",세종특별자치시,37
"2020.06","경기도",도평균,41
"2020.06","강원도",도평균,35
"2020.06","충청북도",도평균,36
"2020.06","충청남도",도평균,35
"2020.06","전라북도",도평균,36
"2020.06","전라남도",도평균,26
"2020.06","경상북도",도평균,32
"2020.06","경상남도",도평균,29
"2020.06","제주특별자치도",도평균,27
"2020.07","서울특별시",서울특별시,21
"2020.07","대구광역시",대구광역시,22
"2020.07","인천광역시",인천광역시,21
"2020.07","광주광역시",광주광역시,15
"2020.07","대전광역시",대전광역시,16
"2020.07","울산광역시",울산광역시,20
"2020.07","세종특별자치시",세종특별자치시,17
"2020.07","경기도",도평균,23
"2020.07","강원도",도평균,17
"2020.07","충청북도",도평균,18
"2020.07","충청남도",도평균,22
"2020.07","전라북도",도평균,18
"2020.07","전라남도",도평균,17
"2020.07","경상북도",도평균,18
"2020.07","경상남도",도평균,20
"2020.07","제주특별자치도",도평균,20
"2020.08","서울특별시",서울특별시,23
"2020.08","대구광역시",대구광역시,25
"2020.08","인천광역시",인천광역시,24
"2020.08","광주광역시",광주광역시,22
"2020.08","대전광역시",대전광역시,20
"2020.08","울산광역시",울산광역시,28
"2020.08","세종특별자치시",세종특별자치시,20
"2020.08","경기도",도평균,24
"2020.08","강원도",도평균,19
"2020.08","충청북도",도평균,21
"2020.08","충청남도",도평균,24
"2020.08","전라북도",도평균,22
"2020.08","전라남도",도평균,28
"2020.08","경상북도",도평균,23
"2020.08","경상남도",도평균,29
"2020.08","제주특별자치도",도평균,29
"2020.09","서울특별시",서울특별시,19
"2020.09","대구광역시",대구광역시,25
"2020.09","인천광역시",인천광역시,20
"2020.09","광주광역시",광주광역시,21
"2020.09","대전광역시",대전광역시,21
"2020.09","울산광역시",울산광역시,25
"2020.09","세종특별자치시",세종특별자치시,20
"2020.09","경기도",도평균,22
"2020.09","강원도",도평균,18
"2020.09","충청북도",도평균,22
"2020.09","충청남도",도평균,24
"2020.09","전라북도",도평균,23
"2020.09","전라남도",도평균,22
"2020.09","경상북도",도평균,22
"2020.09","경상남도",도평균,24
"2020.09","제주특별자치도",도평균,26
"2020.10","서울특별시",서울특별시,33
"2020.10","대구광역시",대구광역시,33
"2020.10","인천광역시",인천광역시,34
"2020.10","광주광역시",광주광역시,31
"2020.10","대전광역시",대전광역시,33
"2020.10","울산광역시",울산광역시,30
"2020.10","세종특별자치시",세종특별자치시,35
"2020.10","경기도",도평균,38
"2020.10","강원도",도평균,28
"2020.10","충청북도",도평균,36
"2020.10","충청남도",도평균,39
"2020.10","전라북도",도평균,35
"2020.10","전라남도",도평균,28
"2020.10","경상북도",도평균,31
"2020.10","경상남도",도평균,29
"2020.10","제주특별자치도",도평균,31
"2020.11","서울특별시",서울특별시,42
"2020.11","대구광역시",대구광역시,40
"2020.11","인천광역시",인천광역시,39
"2020.11","광주광역시",광주광역시,32
"2020.11","대전광역시",대전광역시,37
"2020.11","울산광역시",울산광역시,31
"2020.11","세종특별자치시",세종특별자치시,40
"2020.11","경기도",도평균,45
"2020.11","강원도",도평균,34*
"2020.11","충청북도",도평균,41
"2020.11","충청남도",도평균,42
"2020.11","전라북도",도평균,36
"2020.11","전라남도",도평균,29
"2020.11","경상북도",도평균,36
"2020.11","경상남도",도평균,30
"2020.11","제주특별자치도",도평균,28
"2020.12","서울특별시",서울특별시,42
"2020.12","대구광역시",대구광역시,38
"2020.12","인천광역시",인천광역시,39
"2020.12","광주광역시",광주광역시,33
"2020.12","대전광역시",대전광역시,38
"2020.12","울산광역시",울산광역시,30
"2020.12","세종특별자치시",세종특별자치시,44
"2020.12","경기도",도평균,46
"2020.12","강원도",도평균,36
"2020.12","충청북도",도평균,44
"2020.12","충청남도",도평균,42
"2020.12","전라북도",도평균,36
"2020.12","전라남도",도평균,28
"2020.12","경상북도",도평균,36
"2020.12","경상남도",도평균,30
"2020.12","제주특별자치도",도평균,24
"2021.01","서울특별시",서울특별시,38
"2021.01","대구광역시",대구광역시,40
"2021.01","인천광역시",인천광역시,37
"2021.01","광주광역시",광주광역시,37
"2021.01","대전광역시",대전광역시,39
"2021.01","울산광역시",울산광역시,34
"2021.01","세종특별자치시",세종특별자치시,45
"2021.01","경기도",도평균,42
"2021.01","강원도",도평균,35
"2021.01","충청북도",도평균,43
"2021.01","충청남도",도평균,45
"2021.01","전라북도",도평균,40
"2021.01","전라남도",도평균,34
"2021.01","경상북도",도평균,38
"2021.01","경상남도",도평균,33
"2021.01","제주특별자치도",도평균,31
"2021.02","서울특별시",서울특별시,48
"2021.02","대구광역시",대구광역시,41
"2021.02","인천광역시",인천광역시,46
"2021.02","광주광역시",광주광역시,40
"2021.02","대전광역시",대전광역시,42
"2021.02","울산광역시",울산광역시,35
"2021.02","세종특별자치시",세종특별자치시,47
"2021.02","경기도",도평균,52
"2021.02","강원도",도평균,39
"2021.02","충청북도",도평균,46
"2021.02","충청남도",도평균,52
"2021.02","전라북도",도평균,42
"2021.02","전라남도",도평균,35
"2021.02","경상북도",도평균,40
"2021.02","경상남도",도평균,33
"2021.02","제주특별자치도",도평균,34
"2021.03","서울특별시",서울특별시,67
"2021.03","대구광역시",대구광역시,59
"2021.03","인천광역시",인천광역시,69
"2021.03","광주광역시",광주광역시,65
"2021.03","대전광역시",대전광역시,63
"2021.03","울산광역시",울산광역시,55
"2021.03","세종특별자치시",세종특별자치시,67
"2021.03","경기도",도평균,72
"2021.03","강원도",도평균,51
"2021.03","충청북도",도평균,62
"2021.03","충청남도",도평균,79
"2021.03","전라북도",도평균,75
"2021.03","전라남도",도평균,64
"2021.03","경상북도",도평균,56
"2021.03","경상남도",도평균,53
"2021.03","제주특별자치도",도평균,72
"2021.04","서울특별시",서울특별시,42
"2021.04","대구광역시",대구광역시,42
"2021.04","인천광역시",인천광역시,42
"2021.04","광주광역시",광주광역시,39
"2021.04","대전광역시",대전광역시,41
"2021.04","울산광역시",울산광역시,37
"2021.04","세종특별자치시",세종특별자치시,42
"2021.04","경기도",도평균,46
"2021.04","강원도",도평균,38
"2021.04","충청북도",도평균,41
"2021.04","충청남도",도평균,46
"2021.04","전라북도",도평균,43
"2021.04","전라남도",도평균,34
"2021.04","경상북도",도평균,42
"2021.04","경상남도",도평균,34
"2021.04","제주특별자치도",도평균,36
"2021.05","서울특별시",서울특별시,61
"2021.05","대구광역시",대구광역시,41
"2021.05","인천광역시",인천광역시,59
"2021.05","광주광역시",광주광역시,50
"2021.05","대전광역시",대전광역시,56
"2021.05","울산광역시",울산광역시,35
"2021.05","세종특별자치시",세종특별자치시,61
"2021.05","경기도",도평균,64
"2021.05","강원도",도평균,47
"2021.05","충청북도",도평균,53
"2021.05","충청남도",도평균,63
"2021.05","전라북도",도평균,56
"2021.05","전라남도",도평균,46
"2021.05","경상북도",도평균,43
"2021.05","경상남도",도평균,36
"2021.05","제주특별자치도",도평균,42
"2021.06","서울특별시",서울특별시,33
"2021.06","대구광역시",대구광역시,35
"2021.06","인천광역시",인천광역시,36
"2021.06","광주광역시",광주광역시,29
"2021.06","대전광역시",대전광역시,31
"2021.06","울산광역시",울산광역시,28
"2021.06","세종특별자치시",세종특별자치시,31
"2021.06","경기도",도평균,37
"2021.06","강원도",도평균,24
"2021.06","충청북도",도평균,32
"2021.06","충청남도",도평균,34
"2021.06","전라북도",도평균,36
"2021.06","전라남도",도평균,27
"2021.06","경상북도",도평균,31
"2021.06","경상남도",도평균,27
"2021.06","제주특별자치도",도평균,25
"2021.07","서울특별시",서울특별시,24
"2021.07","대구광역시",대구광역시,19
"2021.07","인천광역시",인천광역시,29
"2021.07","광주광역시",광주광역시,16
"2021.07","대전광역시",대전광역시,16
"2021.07","울산광역시",울산광역시,17
"2021.07","세종특별자치시",세종특별자치시,20
"2021.07","경기도",도평균,26
"2021.07","강원도",도평균,18
"2021.07","충청북도",도평균,19
"2021.07","충청남도",도평균,23
"2021.07","전라북도",도평균,20
"2021.07","전라남도",도평균,19
"2021.07","경상북도",도평균,21
"2021.07","경상남도",도평균,20
"2021.07","제주특별자치도",도평균,19
"2021.08","서울특별시",서울특별시,22
"2021.08","대구광역시",대구광역시,21
"2021.08","인천광역시",인천광역시,22
"2021.08","광주광역시",광주광역시,17
"2021.08","대전광역시",대전광역시,18*
"2021.08","울산광역시",울산광역시,20
"2021.08","세종특별자치시",세종특별자치시,21
"2021.08","경기도",도평균,25
"2021.08","강원도",도평균,19
"2021.08","충청북도",도평균,21
"2021.08","충청남도",도평균,23
"2021.08","전라북도",도평균,20
"2021.08","전라남도",도평균,20
"2021.08","경상북도",도평균,23
"2021.08","경상남도",도평균,20
"2021.08","제주특별자치도",도평균,17
"2021.09","서울특별시",서울특별시,15
"2021.09","대구광역시",대구광역시,18
"2021.09","인천광역시",인천광역시,16
"2021.09","광주광역시",광주광역시,15
"2021.09","대전광역시",대전광역시,15
"2021.09","울산광역시",울산광역시,16
"2021.09","세종특별자치시",세종특별자치시,16
"2021.09","경기도",도평균,17
"2021.09","강원도",도평균,13
"2021.09","충청북도",도평균,16
"2021.09","충청남도",도평균,18
"2021.09","전라북도",도평균,18
"2021.09","전라남도",도평균,17
"2021.09","경상북도",도평균,18
"2021.09","경상남도",도평균,17
"2021.09","제주특별자치도",도평균,20
"2021.10","서울특별시",서울특별시,27
"2021.10","대구광역시",대구광역시,26
"2021.10","인천광역시",인천광역시,28
"2021.10","광주광역시",광주광역시,25
"2021.10","대전광역시",대전광역시,27
"2021.10","울산광역시",울산광역시,22
"2021.10","세종특별자치시",세종특별자치시,29
"2021.10","경기도",도평균,31
"2021.10","강원도",도평균,19
"2021.10","충청북도",도평균,30
"2021.10","충청남도",도평균,32
"2021.10","전라북도",도평균,31
"2021.10","전라남도",도평균,24
"2021.10","경상북도",도평균,25
"2021.10","경상남도",도평균,23
"2021.10","제주특별자치도",도평균,24
