,신선도,신선도예측,신선도 정답 여부,종류,종류예측,종류 정답 여부
0,stale,fresh,False,orange,mandarin,False
1,stale,fresh,False,apple,pepper,False
2,fresh,fresh,True,strawberry,pepper,False
3,fresh,fresh,True,strawberry,pepper,False
4,fresh,fresh,True,pepper,pepper,True
5,stale,fresh,False,mandarin,cherryTomato,False
6,fresh,fresh,True,banana,pepper,False
7,fresh,fresh,True,banana,mandarin,False
8,fresh,fresh,True,banana,pepper,False
9,fresh,fresh,True,cherryTomato,pepper,False
10,fresh,fresh,True,banana,mandarin,False
11,stale,fresh,False,banana,pepper,False
12,fresh,fresh,True,grape,grape,True
13,fresh,fresh,True,mandarin,mandarin,True
14,fresh,fresh,True,cherryTomato,pepper,False
15,stale,fresh,False,grape,grape,True
16,fresh,fresh,True,orange,mandarin,False
17,stale,fresh,False,banana,grape,False
18,fresh,fresh,True,apple,cherryTomato,False
19,fresh,fresh,True,pepper,pepper,True
20,stale,fresh,False,orange,mandarin,False
21,stale,fresh,False,orange,mandarin,False
22,fresh,fresh,True,grape,pepper,False
23,fresh,fresh,True,mandarin,mandarin,True
24,fresh,fresh,True,pepper,pepper,True
25,stale,fresh,False,grape,pepper,False
26,stale,fresh,False,banana,pepper,False
27,stale,fresh,False,capsicum,pepper,False
28,stale,fresh,False,strawberry,pepper,False
29,fresh,fresh,True,banana,strawberry,False
30,fresh,fresh,True,mandarin,mandarin,True
31,fresh,fresh,True,pepper,pepper,True
32,stale,fresh,False,banana,pepper,False
33,fresh,fresh,True,mandarin,mandarin,True
34,fresh,fresh,True,banana,mandarin,False
35,stale,fresh,False,pepper,pepper,True
36,fresh,fresh,True,grape,pepper,False
37,fresh,fresh,True,strawberry,pepper,False
38,fresh,fresh,True,capsicum,pepper,False
39,fresh,fresh,True,mandarin,cherryTomato,False
40,fresh,fresh,True,banana,pepper,False
41,fresh,fresh,True,grape,grape,True
42,fresh,fresh,True,grape,pepper,False
43,fresh,fresh,True,orange,mandarin,False
44,fresh,fresh,True,apple,pepper,False
45,fresh,fresh,True,capsicum,pepper,False
46,fresh,fresh,True,grape,pepper,False
47,stale,fresh,False,grape,grape,True
48,stale,fresh,False,apple,pepper,False
49,fresh,fresh,True,apple,cherryTomato,False
50,stale,fresh,False,apple,pepper,False
51,fresh,fresh,True,strawberry,pepper,False
52,fresh,fresh,True,banana,mandarin,False
53,fresh,fresh,True,grape,grape,True
54,fresh,fresh,True,orange,mandarin,False
55,fresh,fresh,True,strawberry,pepper,False
56,fresh,fresh,True,grape,grape,True
57,stale,fresh,False,grape,pepper,False
58,fresh,fresh,True,apple,banana,False
59,fresh,fresh,True,orange,mandarin,False
60,fresh,fresh,True,grape,pepper,False
61,stale,fresh,False,strawberry,pepper,False
62,fresh,fresh,True,mandarin,mandarin,True
63,fresh,fresh,True,banana,pepper,False
64,fresh,fresh,True,pepper,pepper,True
65,stale,fresh,False,grape,pepper,False
66,fresh,fresh,True,banana,mandarin,False
67,stale,fresh,False,pepper,pepper,True
68,stale,fresh,False,strawberry,pepper,False
69,stale,fresh,False,orange,mandarin,False
70,fresh,fresh,True,grape,pepper,False
71,fresh,fresh,True,grape,pepper,False
72,stale,fresh,False,grape,pepper,False
73,stale,fresh,False,grape,mandarin,False
74,stale,fresh,False,pepper,pepper,True
75,fresh,fresh,True,strawberry,cherryTomato,False
76,fresh,fresh,True,grape,pepper,False
77,fresh,fresh,True,pepper,pepper,True
78,stale,fresh,False,apple,cherryTomato,False
79,fresh,fresh,True,grape,pepper,False
80,fresh,fresh,True,mandarin,mandarin,True
81,stale,fresh,False,banana,pepper,False
82,stale,fresh,False,mandarin,mandarin,True
83,fresh,fresh,True,cherryTomato,pepper,False
84,stale,fresh,False,grape,pepper,False
85,fresh,fresh,True,cherryTomato,pepper,False
86,stale,fresh,False,capsicum,pepper,False
87,fresh,fresh,True,orange,mandarin,False
88,fresh,fresh,True,grape,pepper,False
89,fresh,fresh,True,mandarin,mandarin,True
90,fresh,fresh,True,mandarin,mandarin,True
91,stale,fresh,False,pepper,pepper,True
92,fresh,fresh,True,mandarin,mandarin,True
93,fresh,fresh,True,pepper,pepper,True
94,fresh,fresh,True,pepper,pepper,True
95,fresh,fresh,True,mandarin,mandarin,True
96,fresh,fresh,True,strawberry,pepper,False
97,stale,fresh,False,banana,pepper,False
98,fresh,fresh,True,mandarin,pepper,False
99,stale,fresh,False,pepper,pepper,True
100,fresh,fresh,True,pepper,pepper,True
101,stale,fresh,False,banana,pepper,False
102,fresh,fresh,True,mandarin,mandarin,True
103,fresh,fresh,True,banana,mandarin,False
104,fresh,fresh,True,grape,pepper,False
105,fresh,fresh,True,banana,pepper,False
106,fresh,fresh,True,capsicum,capsicum,True
107,fresh,fresh,True,strawberry,pepper,False
108,stale,fresh,False,orange,cherryTomato,False
109,stale,fresh,False,grape,pepper,False
110,fresh,fresh,True,apple,cherryTomato,False
111,stale,fresh,False,apple,pepper,False
112,fresh,fresh,True,cherryTomato,mandarin,False
113,fresh,fresh,True,capsicum,capsicum,True
114,fresh,fresh,True,pepper,pepper,True
115,fresh,fresh,True,grape,grape,True
116,fresh,fresh,True,orange,mandarin,False
117,stale,fresh,False,orange,pepper,False
118,fresh,fresh,True,grape,pepper,False
119,stale,fresh,False,cherryTomato,pepper,False
120,fresh,fresh,True,banana,mandarin,False
121,stale,fresh,False,pepper,pepper,True
122,fresh,fresh,True,capsicum,capsicum,True
123,stale,fresh,False,banana,mandarin,False
124,fresh,fresh,True,pepper,pepper,True
125,fresh,fresh,True,pepper,pepper,True
126,fresh,fresh,True,cherryTomato,pepper,False
127,fresh,fresh,True,apple,mandarin,False
128,fresh,fresh,True,mandarin,pepper,False
129,stale,fresh,False,capsicum,capsicum,True
130,fresh,fresh,True,strawberry,pepper,False
131,fresh,fresh,True,mandarin,cherryTomato,False
132,stale,fresh,False,pepper,pepper,True
133,fresh,fresh,True,orange,mandarin,False
134,stale,fresh,False,orange,mandarin,False
135,fresh,fresh,True,strawberry,pepper,False
136,fresh,fresh,True,banana,mandarin,False
137,stale,fresh,False,grape,pepper,False
138,fresh,fresh,True,grape,grape,True
139,stale,fresh,False,orange,mandarin,False
140,fresh,fresh,True,pepper,pepper,True
141,fresh,fresh,True,grape,grape,True
142,fresh,fresh,True,grape,pepper,False
143,fresh,fresh,True,pepper,pepper,True
144,fresh,fresh,True,pepper,pepper,True
145,fresh,fresh,True,pepper,pepper,True
146,fresh,fresh,True,pepper,pepper,True
147,fresh,fresh,True,banana,pepper,False
148,fresh,fresh,True,strawberry,pepper,False
149,stale,fresh,False,orange,mandarin,False
150,stale,fresh,False,strawberry,pepper,False
151,fresh,fresh,True,grape,pepper,False
152,fresh,fresh,True,cherryTomato,pepper,False
153,fresh,fresh,True,cherryTomato,pepper,False
154,stale,fresh,False,apple,cherryTomato,False
155,fresh,fresh,True,strawberry,pepper,False
156,stale,fresh,False,broccoli,pepper,False
157,fresh,fresh,True,strawberry,pepper,False
158,fresh,fresh,True,grape,grape,True
159,stale,fresh,False,pepper,pepper,True
160,fresh,fresh,True,grape,pepper,False
161,fresh,fresh,True,pepper,pepper,True
162,fresh,fresh,True,pepper,pepper,True
163,stale,fresh,False,mandarin,mandarin,True
164,fresh,fresh,True,pepper,pepper,True
165,stale,fresh,False,orange,mandarin,False
166,stale,fresh,False,orange,mandarin,False
167,fresh,fresh,True,strawberry,mandarin,False
168,fresh,fresh,True,cherryTomato,mandarin,False
169,fresh,fresh,True,orange,mandarin,False
170,fresh,fresh,True,apple,cherryTomato,False
171,fresh,fresh,True,apple,pepper,False
172,stale,fresh,False,strawberry,pepper,False
173,fresh,fresh,True,cherryTomato,mandarin,False
174,fresh,fresh,True,strawberry,cherryTomato,False
175,stale,fresh,False,capsicum,pepper,False
176,fresh,fresh,True,broccoli,pepper,False
177,fresh,fresh,True,pepper,pepper,True
178,fresh,fresh,True,pepper,pepper,True
179,stale,fresh,False,pepper,pepper,True
180,fresh,fresh,True,apple,pepper,False
181,stale,fresh,False,apple,cherryTomato,False
182,fresh,fresh,True,pepper,pepper,True
183,fresh,fresh,True,banana,mandarin,False
184,stale,fresh,False,mandarin,pepper,False
185,fresh,fresh,True,banana,pepper,False
186,fresh,fresh,True,grape,pepper,False
187,stale,fresh,False,orange,mandarin,False
188,stale,fresh,False,pepper,pepper,True
189,stale,fresh,False,banana,pepper,False
190,stale,fresh,False,orange,mandarin,False
191,fresh,fresh,True,orange,mandarin,False
192,stale,fresh,False,capsicum,pepper,False
193,fresh,fresh,True,orange,mandarin,False
194,stale,fresh,False,banana,pepper,False
195,fresh,fresh,True,pepper,pepper,True
196,stale,fresh,False,capsicum,pepper,False
197,fresh,fresh,True,grape,grape,True
198,stale,fresh,False,cherryTomato,pepper,False
199,stale,fresh,False,banana,pepper,False
200,fresh,fresh,True,strawberry,mandarin,False
201,stale,fresh,False,pepper,pepper,True
202,fresh,fresh,True,mandarin,cherryTomato,False
203,fresh,fresh,True,mandarin,cherryTomato,False
204,fresh,fresh,True,strawberry,pepper,False
205,fresh,fresh,True,mandarin,pepper,False
206,fresh,fresh,True,broccoli,pepper,False
207,stale,fresh,False,banana,pepper,False
208,fresh,fresh,True,banana,pepper,False
209,fresh,fresh,True,grape,pepper,False
210,fresh,fresh,True,mandarin,mandarin,True
211,fresh,fresh,True,broccoli,pepper,False
212,stale,fresh,False,mandarin,pepper,False
213,stale,fresh,False,strawberry,pepper,False
214,fresh,fresh,True,pepper,pepper,True
215,fresh,fresh,True,mandarin,mandarin,True
216,fresh,fresh,True,banana,mandarin,False
217,fresh,fresh,True,strawberry,pepper,False
218,fresh,fresh,True,cherryTomato,strawberry,False
219,fresh,fresh,True,grape,pepper,False
220,stale,fresh,False,capsicum,capsicum,True
221,fresh,fresh,True,banana,pepper,False
222,fresh,fresh,True,grape,pepper,False
223,fresh,fresh,True,grape,pepper,False
224,fresh,fresh,True,banana,mandarin,False
225,fresh,fresh,True,broccoli,pepper,False
226,fresh,fresh,True,banana,mandarin,False
227,fresh,fresh,True,cherryTomato,mandarin,False
228,stale,fresh,False,grape,pepper,False
229,fresh,fresh,True,pepper,pepper,True
230,fresh,fresh,True,grape,pepper,False
231,fresh,fresh,True,pepper,pepper,True
232,stale,fresh,False,banana,pepper,False
233,stale,fresh,False,capsicum,pepper,False
234,fresh,fresh,True,mandarin,cherryTomato,False
235,stale,fresh,False,apple,pepper,False
236,fresh,fresh,True,mandarin,mandarin,True
237,fresh,fresh,True,cherryTomato,cherryTomato,True
238,fresh,fresh,True,strawberry,pepper,False
239,stale,fresh,False,orange,mandarin,False
240,stale,fresh,False,apple,cherryTomato,False
241,stale,fresh,False,apple,pepper,False
242,stale,fresh,False,apple,mandarin,False
243,stale,fresh,False,banana,pepper,False
244,fresh,fresh,True,grape,pepper,False
245,fresh,fresh,True,pepper,pepper,True
246,stale,fresh,False,banana,pepper,False
247,fresh,fresh,True,banana,mandarin,False
248,stale,fresh,False,capsicum,pepper,False
249,stale,fresh,False,strawberry,pepper,False
250,fresh,fresh,True,pepper,pepper,True
251,fresh,fresh,True,pepper,pepper,True
252,stale,fresh,False,banana,pepper,False
253,fresh,fresh,True,orange,mandarin,False
254,stale,fresh,False,orange,mandarin,False
255,stale,fresh,False,orange,mandarin,False
256,fresh,fresh,True,grape,pepper,False
257,fresh,fresh,True,orange,mandarin,False
258,stale,fresh,False,apple,mandarin,False
259,fresh,fresh,True,capsicum,pepper,False
260,stale,fresh,False,mandarin,mandarin,True
261,stale,fresh,False,apple,pepper,False
262,fresh,fresh,True,orange,mandarin,False
263,fresh,fresh,True,pepper,pepper,True
264,fresh,fresh,True,grape,grape,True
265,fresh,fresh,True,cherryTomato,pepper,False
266,stale,fresh,False,pepper,pepper,True
267,stale,fresh,False,apple,pepper,False
268,fresh,fresh,True,apple,pepper,False
269,stale,fresh,False,banana,pepper,False
270,stale,fresh,False,pepper,pepper,True
271,fresh,fresh,True,pepper,pepper,True
272,fresh,fresh,True,cherryTomato,cherryTomato,True
273,fresh,fresh,True,apple,pepper,False
274,stale,fresh,False,orange,mandarin,False
275,fresh,fresh,True,strawberry,pepper,False
276,fresh,fresh,True,strawberry,pepper,False
277,fresh,fresh,True,banana,pepper,False
278,stale,fresh,False,orange,cherryTomato,False
279,fresh,fresh,True,banana,cherryTomato,False
280,fresh,fresh,True,apple,banana,False
281,fresh,fresh,True,pepper,pepper,True
282,stale,fresh,False,capsicum,pepper,False
283,fresh,fresh,True,apple,cherryTomato,False
284,stale,fresh,False,strawberry,pepper,False
285,stale,fresh,False,orange,cherryTomato,False
286,fresh,fresh,True,orange,mandarin,False
287,fresh,fresh,True,strawberry,pepper,False
288,fresh,fresh,True,orange,mandarin,False
289,fresh,fresh,True,pepper,pepper,True
290,stale,fresh,False,pepper,pepper,True
291,fresh,fresh,True,cherryTomato,pepper,False
292,fresh,fresh,True,capsicum,pepper,False
293,fresh,fresh,True,cherryTomato,pepper,False
294,fresh,fresh,True,grape,pepper,False
295,stale,fresh,False,orange,mandarin,False
296,fresh,fresh,True,capsicum,capsicum,True
297,fresh,fresh,True,cherryTomato,cherryTomato,True
298,stale,fresh,False,strawberry,grape,False
299,fresh,fresh,True,capsicum,pepper,False
300,fresh,fresh,True,strawberry,pepper,False
301,stale,fresh,False,pepper,grape,False
302,fresh,fresh,True,strawberry,pepper,False
303,fresh,fresh,True,pepper,pepper,True
304,fresh,fresh,True,pepper,pepper,True
305,fresh,fresh,True,mandarin,pepper,False
306,stale,fresh,False,pepper,pepper,True
307,stale,fresh,False,apple,mandarin,False
308,fresh,fresh,True,strawberry,pepper,False
309,fresh,fresh,True,capsicum,pepper,False
310,fresh,fresh,True,pepper,pepper,True
311,fresh,fresh,True,broccoli,pepper,False
312,stale,fresh,False,strawberry,pepper,False
313,fresh,fresh,True,pepper,pepper,True
314,fresh,fresh,True,mandarin,mandarin,True
315,fresh,fresh,True,grape,pepper,False
316,stale,fresh,False,banana,pepper,False
317,stale,fresh,False,mandarin,grape,False
318,fresh,fresh,True,pepper,pepper,True
319,fresh,fresh,True,cherryTomato,pepper,False
320,fresh,fresh,True,orange,mandarin,False
321,fresh,fresh,True,cherryTomato,strawberry,False
322,fresh,fresh,True,grape,pepper,False
323,fresh,fresh,True,broccoli,pepper,False
324,stale,fresh,False,apple,cherryTomato,False
325,fresh,fresh,True,cherryTomato,cherryTomato,True
326,fresh,fresh,True,grape,pepper,False
327,fresh,fresh,True,apple,cherryTomato,False
328,fresh,fresh,True,strawberry,pepper,False
329,fresh,fresh,True,pepper,pepper,True
330,stale,fresh,False,banana,grape,False
331,stale,fresh,False,apple,pepper,False
332,stale,fresh,False,orange,mandarin,False
333,fresh,fresh,True,pepper,pepper,True
334,fresh,fresh,True,pepper,pepper,True
335,stale,fresh,False,apple,strawberry,False
336,stale,fresh,False,strawberry,mandarin,False
337,fresh,fresh,True,strawberry,pepper,False
338,fresh,fresh,True,orange,mandarin,False
339,fresh,fresh,True,pepper,pepper,True
340,stale,fresh,False,pepper,cherryTomato,False
341,fresh,fresh,True,mandarin,mandarin,True
342,stale,fresh,False,pepper,pepper,True
343,stale,fresh,False,strawberry,pepper,False
344,fresh,fresh,True,mandarin,cherryTomato,False
345,fresh,fresh,True,strawberry,pepper,False
346,fresh,fresh,True,pepper,pepper,True
347,fresh,fresh,True,grape,pepper,False
348,stale,fresh,False,apple,mandarin,False
349,fresh,fresh,True,cherryTomato,pepper,False
350,fresh,fresh,True,mandarin,mandarin,True
351,fresh,fresh,True,apple,mandarin,False
352,stale,fresh,False,broccoli,pepper,False
353,fresh,fresh,True,capsicum,pepper,False
354,fresh,fresh,True,mandarin,pepper,False
355,fresh,fresh,True,banana,mandarin,False
356,fresh,fresh,True,mandarin,mandarin,True
357,fresh,fresh,True,strawberry,pepper,False
358,fresh,fresh,True,apple,pepper,False
359,fresh,fresh,True,capsicum,pepper,False
360,fresh,fresh,True,pepper,pepper,True
361,fresh,fresh,True,strawberry,pepper,False
362,fresh,fresh,True,banana,pepper,False
363,stale,fresh,False,apple,mandarin,False
364,stale,fresh,False,banana,pepper,False
365,stale,fresh,False,grape,pepper,False
366,stale,fresh,False,broccoli,pepper,False
367,stale,fresh,False,strawberry,mandarin,False
368,stale,fresh,False,apple,mandarin,False
369,fresh,fresh,True,cherryTomato,pepper,False
370,stale,fresh,False,banana,pepper,False
371,fresh,fresh,True,banana,pepper,False
372,fresh,fresh,True,cherryTomato,cherryTomato,True
373,fresh,fresh,True,mandarin,mandarin,True
374,fresh,fresh,True,pepper,pepper,True
375,fresh,fresh,True,mandarin,mandarin,True
376,fresh,fresh,True,strawberry,mandarin,False
377,fresh,fresh,True,grape,pepper,False
378,fresh,fresh,True,pepper,pepper,True
379,fresh,fresh,True,pepper,cherryTomato,False
380,fresh,fresh,True,orange,mandarin,False
381,fresh,fresh,True,banana,pepper,False
382,fresh,fresh,True,apple,mandarin,False
383,fresh,fresh,True,grape,pepper,False
384,stale,fresh,False,orange,pepper,False
385,stale,fresh,False,orange,mandarin,False
386,stale,fresh,False,banana,pepper,False
387,fresh,fresh,True,pepper,pepper,True
388,fresh,fresh,True,pepper,pepper,True
389,stale,fresh,False,apple,pepper,False
390,fresh,fresh,True,pepper,pepper,True
391,stale,fresh,False,grape,pepper,False
392,stale,fresh,False,capsicum,pepper,False
393,stale,fresh,False,apple,mandarin,False
394,stale,fresh,False,capsicum,pepper,False
395,fresh,fresh,True,strawberry,pepper,False
396,stale,fresh,False,strawberry,pepper,False
397,fresh,fresh,True,apple,grape,False
398,stale,fresh,False,banana,pepper,False
399,stale,fresh,False,banana,pepper,False
400,stale,fresh,False,apple,pepper,False
401,fresh,fresh,True,pepper,pepper,True
402,stale,fresh,False,apple,mandarin,False
403,fresh,fresh,True,orange,mandarin,False
404,fresh,fresh,True,mandarin,pepper,False
405,fresh,fresh,True,pepper,pepper,True
406,stale,fresh,False,apple,mandarin,False
407,fresh,fresh,True,grape,grape,True
408,stale,fresh,False,strawberry,mandarin,False
409,fresh,fresh,True,pepper,pepper,True
410,stale,fresh,False,strawberry,pepper,False
411,fresh,fresh,True,pepper,pepper,True
412,fresh,fresh,True,pepper,pepper,True
413,fresh,fresh,True,strawberry,mandarin,False
414,fresh,fresh,True,orange,mandarin,False
415,fresh,fresh,True,mandarin,mandarin,True
416,fresh,fresh,True,cherryTomato,pepper,False
417,stale,fresh,False,banana,pepper,False
418,fresh,fresh,True,grape,pepper,False
419,stale,fresh,False,pepper,pepper,True
420,fresh,fresh,True,cherryTomato,pepper,False
421,fresh,fresh,True,orange,mandarin,False
422,fresh,fresh,True,mandarin,mandarin,True
423,fresh,fresh,True,apple,mandarin,False
424,fresh,fresh,True,pepper,pepper,True
425,fresh,fresh,True,orange,cherryTomato,False
426,fresh,fresh,True,apple,pepper,False
427,stale,fresh,False,banana,pepper,False
428,fresh,fresh,True,banana,mandarin,False
429,fresh,fresh,True,pepper,grape,False
430,stale,fresh,False,banana,pepper,False
431,fresh,fresh,True,strawberry,mandarin,False
432,stale,fresh,False,orange,pepper,False
433,fresh,fresh,True,mandarin,mandarin,True
434,stale,fresh,False,grape,pepper,False
435,stale,fresh,False,apple,mandarin,False
436,stale,fresh,False,banana,mandarin,False
437,fresh,fresh,True,pepper,pepper,True
438,stale,fresh,False,apple,mandarin,False
439,stale,fresh,False,broccoli,pepper,False
440,stale,fresh,False,banana,pepper,False
441,fresh,fresh,True,orange,mandarin,False
442,stale,fresh,False,apple,mandarin,False
443,fresh,fresh,True,orange,mandarin,False
444,stale,fresh,False,banana,pepper,False
445,stale,fresh,False,apple,cherryTomato,False
446,fresh,fresh,True,mandarin,mandarin,True
447,fresh,fresh,True,mandarin,mandarin,True
448,fresh,fresh,True,orange,mandarin,False
449,fresh,fresh,True,orange,mandarin,False
450,stale,fresh,False,banana,pepper,False
451,stale,fresh,False,banana,pepper,False
452,stale,fresh,False,pepper,pepper,True
453,stale,fresh,False,strawberry,mandarin,False
454,fresh,fresh,True,broccoli,pepper,False
455,fresh,fresh,True,orange,mandarin,False
456,stale,fresh,False,orange,mandarin,False
457,stale,fresh,False,pepper,mandarin,False
458,stale,fresh,False,capsicum,pepper,False
459,stale,fresh,False,banana,pepper,False
460,stale,fresh,False,orange,mandarin,False
461,stale,fresh,False,grape,pepper,False
462,stale,fresh,False,apple,mandarin,False
463,fresh,fresh,True,mandarin,mandarin,True
464,stale,fresh,False,pepper,pepper,True
465,fresh,fresh,True,apple,mandarin,False
466,fresh,fresh,True,grape,pepper,False
467,fresh,fresh,True,strawberry,pepper,False
468,stale,fresh,False,banana,pepper,False
469,fresh,fresh,True,mandarin,mandarin,True
470,fresh,fresh,True,apple,pepper,False
471,fresh,fresh,True,mandarin,mandarin,True
472,fresh,fresh,True,strawberry,pepper,False
473,stale,fresh,False,mandarin,cherryTomato,False
474,stale,fresh,False,broccoli,pepper,False
475,fresh,fresh,True,capsicum,pepper,False
476,stale,fresh,False,cherryTomato,pepper,False
477,fresh,fresh,True,grape,grape,True
478,fresh,fresh,True,pepper,pepper,True
479,fresh,fresh,True,grape,pepper,False
480,stale,fresh,False,capsicum,pepper,False
481,stale,fresh,False,strawberry,pepper,False
482,stale,fresh,False,orange,mandarin,False
483,stale,fresh,False,capsicum,pepper,False
484,fresh,fresh,True,orange,mandarin,False
485,fresh,fresh,True,strawberry,pepper,False
486,fresh,fresh,True,pepper,grape,False
487,stale,fresh,False,apple,mandarin,False
488,fresh,fresh,True,broccoli,pepper,False
489,stale,fresh,False,strawberry,pepper,False
490,fresh,fresh,True,pepper,pepper,True
491,stale,fresh,False,pepper,pepper,True
492,fresh,fresh,True,grape,grape,True
493,stale,fresh,False,banana,pepper,False
494,fresh,fresh,True,grape,pepper,False
495,fresh,fresh,True,cherryTomato,pepper,False
496,stale,fresh,False,orange,pepper,False
497,stale,fresh,False,broccoli,pepper,False
498,fresh,fresh,True,pepper,pepper,True
499,fresh,fresh,True,cherryTomato,pepper,False
500,fresh,fresh,True,grape,grape,True
501,fresh,fresh,True,orange,mandarin,False
502,fresh,fresh,True,mandarin,mandarin,True
503,fresh,fresh,True,pepper,pepper,True
504,fresh,fresh,True,grape,pepper,False
505,fresh,fresh,True,pepper,capsicum,False
506,fresh,fresh,True,mandarin,mandarin,True
507,stale,fresh,False,strawberry,pepper,False
508,stale,fresh,False,capsicum,pepper,False
509,fresh,fresh,True,capsicum,pepper,False
510,stale,fresh,False,banana,pepper,False
511,stale,fresh,False,apple,mandarin,False
512,stale,fresh,False,orange,mandarin,False
513,fresh,fresh,True,cherryTomato,pepper,False
514,fresh,fresh,True,pepper,pepper,True
515,fresh,fresh,True,strawberry,pepper,False
516,stale,fresh,False,banana,pepper,False
517,stale,fresh,False,orange,mandarin,False
518,fresh,fresh,True,banana,mandarin,False
519,fresh,fresh,True,orange,mandarin,False
520,fresh,fresh,True,grape,pepper,False
521,fresh,fresh,True,grape,pepper,False
522,fresh,fresh,True,grape,pepper,False
523,fresh,fresh,True,strawberry,pepper,False
524,stale,fresh,False,mandarin,mandarin,True
525,fresh,fresh,True,strawberry,mandarin,False
526,stale,fresh,False,pepper,pepper,True
527,fresh,fresh,True,grape,mandarin,False
528,fresh,fresh,True,banana,pepper,False
529,stale,fresh,False,apple,mandarin,False
530,stale,fresh,False,apple,mandarin,False
531,fresh,fresh,True,orange,mandarin,False
532,fresh,fresh,True,cherryTomato,pepper,False
533,stale,fresh,False,orange,pepper,False
534,fresh,fresh,True,banana,mandarin,False
535,stale,fresh,False,orange,mandarin,False
536,stale,fresh,False,strawberry,pepper,False
537,fresh,fresh,True,orange,mandarin,False
538,fresh,fresh,True,pepper,pepper,True
539,stale,fresh,False,cherryTomato,cherryTomato,True
540,fresh,fresh,True,orange,pepper,False
541,fresh,fresh,True,pepper,pepper,True
542,fresh,fresh,True,orange,mandarin,False
543,stale,fresh,False,orange,mandarin,False
544,stale,fresh,False,orange,mandarin,False
545,fresh,fresh,True,grape,pepper,False
546,stale,fresh,False,capsicum,pepper,False
547,fresh,fresh,True,orange,mandarin,False
548,fresh,fresh,True,pepper,pepper,True
549,fresh,fresh,True,pepper,pepper,True
550,fresh,fresh,True,pepper,pepper,True
551,fresh,fresh,True,apple,mandarin,False
552,stale,fresh,False,pepper,pepper,True
553,fresh,fresh,True,apple,pepper,False
554,stale,fresh,False,banana,grape,False
555,fresh,fresh,True,strawberry,cherryTomato,False
556,fresh,fresh,True,mandarin,mandarin,True
557,stale,fresh,False,cherryTomato,pepper,False
558,stale,fresh,False,orange,mandarin,False
559,stale,fresh,False,orange,mandarin,False
560,fresh,fresh,True,grape,pepper,False
561,stale,fresh,False,orange,mandarin,False
562,stale,fresh,False,orange,mandarin,False
563,fresh,fresh,True,cherryTomato,pepper,False
564,stale,fresh,False,strawberry,pepper,False
565,stale,fresh,False,apple,mandarin,False
566,stale,fresh,False,pepper,mandarin,False
567,fresh,fresh,True,pepper,pepper,True
568,fresh,fresh,True,strawberry,pepper,False
569,stale,fresh,False,pepper,pepper,True
570,fresh,fresh,True,grape,pepper,False
571,stale,fresh,False,orange,mandarin,False
572,stale,fresh,False,apple,mandarin,False
573,stale,fresh,False,banana,pepper,False
574,fresh,fresh,True,mandarin,mandarin,True
575,fresh,fresh,True,broccoli,pepper,False
576,stale,fresh,False,apple,mandarin,False
577,stale,fresh,False,grape,pepper,False
578,fresh,fresh,True,banana,pepper,False
579,fresh,fresh,True,orange,mandarin,False
580,fresh,fresh,True,pepper,pepper,True
581,fresh,fresh,True,pepper,pepper,True
582,stale,fresh,False,mandarin,pepper,False
583,fresh,fresh,True,mandarin,pepper,False
584,stale,fresh,False,grape,pepper,False
585,stale,fresh,False,mandarin,mandarin,True
586,fresh,fresh,True,apple,cherryTomato,False
587,fresh,fresh,True,grape,pepper,False
588,fresh,fresh,True,strawberry,pepper,False
589,stale,fresh,False,banana,pepper,False
590,fresh,fresh,True,capsicum,pepper,False
591,stale,fresh,False,orange,mandarin,False
592,fresh,fresh,True,capsicum,capsicum,True
593,fresh,fresh,True,grape,pepper,False
594,stale,fresh,False,mandarin,mandarin,True
595,fresh,fresh,True,grape,grape,True
596,fresh,fresh,True,pepper,pepper,True
597,stale,fresh,False,strawberry,pepper,False
598,stale,fresh,False,pepper,pepper,True
599,fresh,fresh,True,strawberry,strawberry,True
600,fresh,fresh,True,pepper,pepper,True
601,fresh,fresh,True,mandarin,mandarin,True
602,fresh,fresh,True,pepper,pepper,True
603,stale,fresh,False,apple,mandarin,False
604,fresh,fresh,True,strawberry,pepper,False
605,fresh,fresh,True,cherryTomato,mandarin,False
606,stale,fresh,False,pepper,pepper,True
607,fresh,fresh,True,banana,mandarin,False
608,fresh,fresh,True,mandarin,mandarin,True
609,fresh,fresh,True,cherryTomato,pepper,False
610,fresh,fresh,True,banana,mandarin,False
611,fresh,fresh,True,grape,grape,True
612,fresh,fresh,True,pepper,pepper,True
613,stale,fresh,False,pepper,pepper,True
614,fresh,fresh,True,pepper,pepper,True
615,fresh,fresh,True,capsicum,capsicum,True
616,stale,fresh,False,apple,pepper,False
617,stale,fresh,False,grape,grape,True
618,stale,fresh,False,apple,mandarin,False
619,fresh,fresh,True,capsicum,capsicum,True
620,fresh,fresh,True,strawberry,pepper,False
621,fresh,fresh,True,orange,mandarin,False
622,stale,fresh,False,strawberry,cherryTomato,False
623,fresh,fresh,True,cherryTomato,cherryTomato,True
624,fresh,fresh,True,strawberry,cherryTomato,False
625,stale,fresh,False,apple,mandarin,False
626,fresh,fresh,True,pepper,pepper,True
627,stale,fresh,False,banana,pepper,False
628,fresh,fresh,True,grape,pepper,False
629,stale,fresh,False,capsicum,pepper,False
630,fresh,fresh,True,cherryTomato,cherryTomato,True
631,fresh,fresh,True,strawberry,pepper,False
632,stale,fresh,False,capsicum,capsicum,True
633,stale,fresh,False,apple,mandarin,False
634,fresh,fresh,True,banana,pepper,False
635,stale,fresh,False,orange,mandarin,False
636,fresh,fresh,True,strawberry,pepper,False
637,fresh,fresh,True,strawberry,mandarin,False
638,stale,fresh,False,capsicum,pepper,False
639,fresh,fresh,True,grape,grape,True
640,fresh,fresh,True,apple,mandarin,False
641,fresh,fresh,True,banana,pepper,False
642,fresh,fresh,True,strawberry,mandarin,False
643,fresh,fresh,True,pepper,pepper,True
644,fresh,fresh,True,cherryTomato,pepper,False
645,stale,fresh,False,capsicum,pepper,False
646,stale,fresh,False,pepper,pepper,True
647,fresh,fresh,True,pepper,pepper,True
648,stale,fresh,False,apple,mandarin,False
649,fresh,fresh,True,cherryTomato,mandarin,False
650,fresh,fresh,True,grape,pepper,False
651,fresh,fresh,True,grape,pepper,False
652,stale,fresh,False,banana,pepper,False
653,stale,fresh,False,grape,pepper,False
654,stale,fresh,False,banana,pepper,False
655,stale,fresh,False,pepper,pepper,True
656,stale,fresh,False,orange,pepper,False
657,fresh,fresh,True,apple,pepper,False
658,stale,fresh,False,banana,pepper,False
659,fresh,fresh,True,orange,mandarin,False
660,fresh,fresh,True,pepper,pepper,True
661,fresh,fresh,True,mandarin,cherryTomato,False
662,stale,fresh,False,banana,pepper,False
663,stale,fresh,False,orange,mandarin,False
664,fresh,fresh,True,banana,pepper,False
665,fresh,fresh,True,apple,cherryTomato,False
666,stale,fresh,False,pepper,pepper,True
667,stale,fresh,False,banana,pepper,False
668,fresh,fresh,True,grape,grape,True
669,fresh,fresh,True,broccoli,pepper,False
670,fresh,fresh,True,orange,mandarin,False
671,fresh,fresh,True,strawberry,pepper,False
672,fresh,fresh,True,cherryTomato,cherryTomato,True
673,fresh,fresh,True,banana,pepper,False
674,fresh,fresh,True,grape,grape,True
675,fresh,fresh,True,pepper,pepper,True
676,fresh,fresh,True,pepper,pepper,True
677,fresh,fresh,True,capsicum,pepper,False
678,fresh,fresh,True,grape,grape,True
679,fresh,fresh,True,pepper,pepper,True
680,fresh,fresh,True,grape,pepper,False
681,fresh,fresh,True,grape,grape,True
682,stale,fresh,False,pepper,pepper,True
683,stale,fresh,False,grape,pepper,False
684,stale,fresh,False,pepper,pepper,True
685,stale,fresh,False,banana,pepper,False
686,fresh,fresh,True,cherryTomato,cherryTomato,True
687,fresh,fresh,True,broccoli,pepper,False
688,fresh,fresh,True,pepper,pepper,True
689,fresh,fresh,True,apple,cherryTomato,False
690,fresh,fresh,True,apple,cherryTomato,False
691,fresh,fresh,True,strawberry,pepper,False
692,fresh,fresh,True,grape,pepper,False
693,stale,fresh,False,banana,pepper,False
694,fresh,fresh,True,mandarin,pepper,False
695,fresh,fresh,True,capsicum,capsicum,True
696,fresh,fresh,True,pepper,pepper,True
697,stale,fresh,False,banana,pepper,False
698,fresh,fresh,True,mandarin,mandarin,True
699,stale,fresh,False,cherryTomato,mandarin,False
700,stale,fresh,False,apple,mandarin,False
701,fresh,fresh,True,apple,pepper,False
702,fresh,fresh,True,grape,pepper,False
703,stale,fresh,False,strawberry,pepper,False
704,stale,fresh,False,capsicum,pepper,False
705,stale,fresh,False,strawberry,pepper,False
706,fresh,fresh,True,broccoli,pepper,False
707,fresh,fresh,True,pepper,pepper,True
708,stale,fresh,False,orange,pepper,False
709,stale,fresh,False,pepper,pepper,True
710,fresh,fresh,True,pepper,pepper,True
711,fresh,fresh,True,mandarin,mandarin,True
712,fresh,fresh,True,strawberry,pepper,False
713,stale,fresh,False,strawberry,pepper,False
714,fresh,fresh,True,strawberry,pepper,False
715,fresh,fresh,True,banana,mandarin,False
716,stale,fresh,False,pepper,pepper,True
717,fresh,fresh,True,grape,pepper,False
718,fresh,fresh,True,pepper,pepper,True
719,fresh,fresh,True,capsicum,capsicum,True
720,stale,fresh,False,pepper,pepper,True
721,fresh,fresh,True,cherryTomato,strawberry,False
722,fresh,fresh,True,pepper,pepper,True
723,fresh,fresh,True,banana,pepper,False
724,stale,fresh,False,pepper,pepper,True
725,fresh,fresh,True,banana,pepper,False
726,stale,fresh,False,strawberry,mandarin,False
727,fresh,fresh,True,capsicum,capsicum,True
728,stale,fresh,False,orange,mandarin,False
729,stale,fresh,False,apple,pepper,False
730,fresh,fresh,True,grape,pepper,False
731,stale,fresh,False,mandarin,pepper,False
732,stale,fresh,False,mandarin,pepper,False
733,stale,fresh,False,pepper,strawberry,False
734,stale,fresh,False,cherryTomato,strawberry,False
735,fresh,fresh,True,cherryTomato,pepper,False
736,stale,fresh,False,pepper,mandarin,False
737,fresh,fresh,True,apple,banana,False
738,fresh,fresh,True,capsicum,pepper,False
739,fresh,fresh,True,capsicum,capsicum,True
740,fresh,fresh,True,apple,pepper,False
741,fresh,fresh,True,strawberry,pepper,False
742,stale,fresh,False,banana,pepper,False
743,fresh,fresh,True,mandarin,pepper,False
744,fresh,fresh,True,banana,mandarin,False
745,stale,fresh,False,capsicum,pepper,False
746,stale,fresh,False,pepper,pepper,True
747,fresh,fresh,True,strawberry,pepper,False
748,stale,fresh,False,broccoli,pepper,False
749,fresh,fresh,True,strawberry,pepper,False
750,fresh,fresh,True,broccoli,pepper,False
751,fresh,fresh,True,apple,cherryTomato,False
752,fresh,fresh,True,orange,mandarin,False
753,fresh,fresh,True,strawberry,pepper,False
754,stale,fresh,False,mandarin,pepper,False
755,stale,fresh,False,banana,pepper,False
756,stale,fresh,False,apple,mandarin,False
757,fresh,fresh,True,mandarin,cherryTomato,False
758,fresh,fresh,True,grape,pepper,False
759,fresh,fresh,True,strawberry,pepper,False
760,stale,fresh,False,apple,mandarin,False
761,fresh,fresh,True,banana,pepper,False
762,stale,fresh,False,capsicum,pepper,False
763,fresh,fresh,True,grape,pepper,False
764,fresh,fresh,True,grape,pepper,False
765,stale,fresh,False,orange,mandarin,False
766,fresh,fresh,True,orange,mandarin,False
767,stale,fresh,False,strawberry,pepper,False
768,fresh,fresh,True,mandarin,mandarin,True
769,fresh,fresh,True,pepper,pepper,True
770,fresh,fresh,True,banana,pepper,False
771,stale,fresh,False,banana,pepper,False
772,fresh,fresh,True,apple,cherryTomato,False
773,fresh,fresh,True,cherryTomato,pepper,False
774,stale,fresh,False,apple,mandarin,False
775,fresh,fresh,True,grape,pepper,False
776,stale,fresh,False,cherryTomato,cherryTomato,True
777,stale,fresh,False,grape,pepper,False
778,fresh,fresh,True,strawberry,pepper,False
779,stale,fresh,False,grape,pepper,False
780,stale,fresh,False,apple,cherryTomato,False
781,stale,fresh,False,banana,strawberry,False
782,fresh,fresh,True,grape,pepper,False
783,fresh,fresh,True,apple,banana,False
784,stale,fresh,False,banana,pepper,False
785,fresh,fresh,True,mandarin,mandarin,True
786,fresh,fresh,True,mandarin,mandarin,True
787,fresh,fresh,True,strawberry,pepper,False
788,fresh,fresh,True,strawberry,pepper,False
789,fresh,fresh,True,cherryTomato,mandarin,False
790,fresh,fresh,True,cherryTomato,pepper,False
791,fresh,fresh,True,mandarin,mandarin,True
792,stale,fresh,False,banana,pepper,False
793,stale,fresh,False,pepper,pepper,True
794,fresh,fresh,True,orange,mandarin,False
795,stale,fresh,False,pepper,pepper,True
796,fresh,fresh,True,apple,cherryTomato,False
797,fresh,fresh,True,grape,grape,True
798,fresh,fresh,True,apple,pepper,False
799,fresh,fresh,True,pepper,pepper,True
800,fresh,fresh,True,banana,mandarin,False
801,fresh,fresh,True,grape,pepper,False
802,stale,fresh,False,orange,mandarin,False
803,fresh,fresh,True,banana,mandarin,False
804,stale,fresh,False,broccoli,pepper,False
805,stale,fresh,False,mandarin,pepper,False
806,fresh,fresh,True,strawberry,pepper,False
807,fresh,fresh,True,apple,cherryTomato,False
808,fresh,fresh,True,apple,mandarin,False
809,fresh,fresh,True,grape,grape,True
810,stale,fresh,False,cherryTomato,mandarin,False
811,stale,fresh,False,apple,mandarin,False
812,fresh,fresh,True,strawberry,pepper,False
813,stale,fresh,False,capsicum,pepper,False
814,stale,fresh,False,banana,pepper,False
815,fresh,fresh,True,pepper,pepper,True
816,fresh,fresh,True,grape,pepper,False
817,fresh,fresh,True,banana,pepper,False
818,fresh,fresh,True,apple,capsicum,False
819,stale,fresh,False,orange,mandarin,False
820,fresh,fresh,True,apple,banana,False
821,fresh,fresh,True,strawberry,pepper,False
822,stale,fresh,False,banana,strawberry,False
823,fresh,fresh,True,mandarin,pepper,False
824,stale,fresh,False,capsicum,pepper,False
825,stale,fresh,False,banana,pepper,False
826,fresh,fresh,True,banana,mandarin,False
827,stale,fresh,False,apple,cherryTomato,False
828,fresh,fresh,True,strawberry,pepper,False
829,fresh,fresh,True,mandarin,mandarin,True
830,fresh,fresh,True,grape,grape,True
831,stale,fresh,False,strawberry,pepper,False
832,stale,fresh,False,pepper,pepper,True
833,fresh,fresh,True,apple,mandarin,False
834,fresh,fresh,True,orange,mandarin,False
835,fresh,fresh,True,strawberry,pepper,False
836,fresh,fresh,True,pepper,pepper,True
837,stale,fresh,False,strawberry,mandarin,False
838,stale,fresh,False,mandarin,mandarin,True
839,stale,fresh,False,banana,pepper,False
840,stale,fresh,False,pepper,pepper,True
841,fresh,fresh,True,mandarin,mandarin,True
842,fresh,fresh,True,orange,mandarin,False
843,fresh,fresh,True,apple,cherryTomato,False
844,fresh,fresh,True,pepper,pepper,True
845,fresh,fresh,True,grape,grape,True
846,fresh,fresh,True,cherryTomato,cherryTomato,True
847,stale,fresh,False,broccoli,pepper,False
848,fresh,fresh,True,cherryTomato,strawberry,False
849,fresh,fresh,True,pepper,pepper,True
850,fresh,fresh,True,banana,pepper,False
851,fresh,fresh,True,pepper,cherryTomato,False
852,stale,fresh,False,apple,pepper,False
853,stale,fresh,False,broccoli,pepper,False
854,fresh,fresh,True,orange,mandarin,False
855,stale,fresh,False,strawberry,pepper,False
856,fresh,fresh,True,cherryTomato,cherryTomato,True
857,fresh,fresh,True,strawberry,pepper,False
858,fresh,fresh,True,cherryTomato,pepper,False
859,fresh,fresh,True,grape,pepper,False
860,stale,fresh,False,apple,mandarin,False
861,fresh,fresh,True,pepper,capsicum,False
862,fresh,fresh,True,strawberry,cherryTomato,False
863,stale,fresh,False,strawberry,pepper,False
864,stale,fresh,False,banana,pepper,False
865,stale,fresh,False,orange,pepper,False
866,fresh,fresh,True,orange,mandarin,False
867,stale,fresh,False,orange,mandarin,False
868,stale,fresh,False,strawberry,pepper,False
869,fresh,fresh,True,pepper,pepper,True
870,stale,fresh,False,orange,mandarin,False
871,fresh,fresh,True,apple,banana,False
872,stale,fresh,False,strawberry,mandarin,False
873,fresh,fresh,True,grape,pepper,False
874,fresh,fresh,True,cherryTomato,pepper,False
875,stale,fresh,False,apple,cherryTomato,False
876,fresh,fresh,True,grape,cherryTomato,False
877,fresh,fresh,True,grape,grape,True
878,fresh,fresh,True,mandarin,mandarin,True
879,fresh,fresh,True,strawberry,pepper,False
880,stale,fresh,False,apple,mandarin,False
881,stale,fresh,False,banana,pepper,False
882,stale,fresh,False,strawberry,pepper,False
883,fresh,fresh,True,grape,grape,True
884,fresh,fresh,True,orange,pepper,False
885,stale,fresh,False,grape,pepper,False
886,fresh,fresh,True,apple,cherryTomato,False
887,fresh,fresh,True,capsicum,pepper,False
888,fresh,fresh,True,grape,pepper,False
889,fresh,fresh,True,orange,mandarin,False
890,fresh,fresh,True,mandarin,mandarin,True
891,fresh,fresh,True,mandarin,pepper,False
892,stale,fresh,False,apple,cherryTomato,False
893,fresh,fresh,True,banana,mandarin,False
894,stale,fresh,False,apple,mandarin,False
895,fresh,fresh,True,grape,grape,True
896,fresh,fresh,True,mandarin,mandarin,True
897,stale,fresh,False,pepper,pepper,True
898,fresh,fresh,True,grape,grape,True
899,fresh,fresh,True,capsicum,pepper,False
900,stale,fresh,False,strawberry,mandarin,False
901,fresh,fresh,True,mandarin,pepper,False
902,fresh,fresh,True,orange,mandarin,False
903,fresh,fresh,True,pepper,pepper,True
904,fresh,fresh,True,grape,pepper,False
905,fresh,fresh,True,mandarin,mandarin,True
906,stale,fresh,False,capsicum,pepper,False
907,fresh,fresh,True,pepper,pepper,True
908,fresh,fresh,True,strawberry,mandarin,False
909,stale,fresh,False,mandarin,pepper,False
910,fresh,fresh,True,pepper,pepper,True
911,fresh,fresh,True,banana,pepper,False
912,fresh,fresh,True,pepper,pepper,True
913,stale,fresh,False,strawberry,cherryTomato,False
914,fresh,fresh,True,orange,mandarin,False
915,fresh,fresh,True,strawberry,pepper,False
916,fresh,fresh,True,grape,grape,True
917,fresh,fresh,True,orange,mandarin,False
918,stale,fresh,False,banana,pepper,False
919,fresh,fresh,True,mandarin,mandarin,True
920,stale,fresh,False,apple,pepper,False
921,fresh,fresh,True,mandarin,pepper,False
922,fresh,fresh,True,cherryTomato,strawberry,False
923,fresh,fresh,True,orange,mandarin,False
924,stale,fresh,False,orange,mandarin,False
925,fresh,fresh,True,orange,mandarin,False
926,fresh,fresh,True,apple,cherryTomato,False
927,fresh,fresh,True,pepper,pepper,True
928,stale,fresh,False,grape,grape,True
929,stale,fresh,False,apple,mandarin,False
930,stale,fresh,False,banana,pepper,False
931,stale,fresh,False,apple,mandarin,False
932,stale,fresh,False,strawberry,pepper,False
933,fresh,fresh,True,mandarin,pepper,False
934,stale,fresh,False,broccoli,pepper,False
935,fresh,fresh,True,capsicum,pepper,False
936,fresh,fresh,True,broccoli,pepper,False
937,fresh,fresh,True,grape,pepper,False
938,stale,fresh,False,orange,mandarin,False
939,stale,fresh,False,apple,pepper,False
940,fresh,fresh,True,orange,mandarin,False
941,fresh,fresh,True,pepper,pepper,True
942,stale,fresh,False,cherryTomato,pepper,False
943,fresh,fresh,True,mandarin,mandarin,True
944,fresh,fresh,True,grape,grape,True
945,stale,fresh,False,apple,mandarin,False
946,fresh,fresh,True,banana,mandarin,False
947,stale,fresh,False,orange,mandarin,False
948,stale,fresh,False,orange,mandarin,False
949,fresh,fresh,True,cherryTomato,pepper,False
950,fresh,fresh,True,banana,pepper,False
951,fresh,fresh,True,pepper,pepper,True
952,stale,fresh,False,mandarin,pepper,False
953,stale,fresh,False,mandarin,cherryTomato,False
954,stale,fresh,False,orange,grape,False
955,stale,fresh,False,apple,mandarin,False
956,stale,fresh,False,apple,mandarin,False
957,fresh,fresh,True,capsicum,pepper,False
958,fresh,fresh,True,apple,mandarin,False
959,fresh,fresh,True,orange,mandarin,False
960,fresh,fresh,True,capsicum,pepper,False
961,stale,fresh,False,orange,mandarin,False
962,stale,fresh,False,broccoli,pepper,False
963,stale,fresh,False,strawberry,pepper,False
964,fresh,fresh,True,banana,mandarin,False
965,fresh,fresh,True,cherryTomato,pepper,False
966,stale,fresh,False,strawberry,cherryTomato,False
967,fresh,fresh,True,pepper,pepper,True
968,fresh,fresh,True,strawberry,pepper,False
969,fresh,fresh,True,apple,pepper,False
970,stale,fresh,False,banana,pepper,False
971,stale,fresh,False,strawberry,pepper,False
972,fresh,fresh,True,pepper,pepper,True
973,stale,fresh,False,grape,pepper,False
974,fresh,fresh,True,pepper,pepper,True
975,fresh,fresh,True,strawberry,pepper,False
976,fresh,fresh,True,apple,pepper,False
977,stale,fresh,False,banana,pepper,False
978,fresh,fresh,True,grape,grape,True
979,stale,fresh,False,pepper,pepper,True
980,stale,fresh,False,pepper,pepper,True
981,stale,fresh,False,pepper,pepper,True
982,fresh,fresh,True,strawberry,pepper,False
983,fresh,fresh,True,orange,mandarin,False
984,fresh,fresh,True,orange,mandarin,False
985,fresh,fresh,True,banana,mandarin,False
986,fresh,fresh,True,cherryTomato,cherryTomato,True
987,stale,fresh,False,banana,pepper,False
988,fresh,fresh,True,capsicum,capsicum,True
989,fresh,fresh,True,strawberry,pepper,False
990,stale,fresh,False,pepper,pepper,True
991,fresh,fresh,True,cherryTomato,pepper,False
992,stale,fresh,False,apple,cherryTomato,False
993,fresh,fresh,True,banana,pepper,False
994,fresh,fresh,True,mandarin,mandarin,True
995,fresh,fresh,True,strawberry,cherryTomato,False
996,fresh,fresh,True,banana,strawberry,False
997,stale,fresh,False,pepper,pepper,True
998,fresh,fresh,True,pepper,pepper,True
999,stale,fresh,False,orange,mandarin,False
1000,stale,fresh,False,apple,cherryTomato,False
1001,fresh,fresh,True,mandarin,mandarin,True
1002,fresh,fresh,True,banana,pepper,False
1003,fresh,fresh,True,pepper,pepper,True
1004,stale,fresh,False,banana,pepper,False
1005,stale,fresh,False,banana,pepper,False
1006,fresh,fresh,True,banana,mandarin,False
1007,stale,fresh,False,banana,pepper,False
1008,fresh,fresh,True,apple,cherryTomato,False
1009,stale,fresh,False,pepper,pepper,True
1010,stale,fresh,False,banana,pepper,False
1011,fresh,fresh,True,apple,pepper,False
1012,fresh,fresh,True,strawberry,pepper,False
1013,fresh,fresh,True,capsicum,pepper,False
1014,fresh,fresh,True,strawberry,cherryTomato,False
1015,fresh,fresh,True,capsicum,capsicum,True
1016,stale,fresh,False,banana,pepper,False
1017,stale,fresh,False,orange,mandarin,False
1018,fresh,fresh,True,orange,mandarin,False
1019,stale,fresh,False,orange,pepper,False
1020,stale,fresh,False,banana,pepper,False
1021,stale,fresh,False,apple,pepper,False
1022,fresh,fresh,True,capsicum,capsicum,True
1023,stale,fresh,False,capsicum,pepper,False
1024,fresh,fresh,True,banana,mandarin,False
1025,fresh,fresh,True,pepper,pepper,True
1026,fresh,fresh,True,orange,mandarin,False
1027,fresh,fresh,True,broccoli,pepper,False
1028,fresh,fresh,True,pepper,pepper,True
1029,stale,fresh,False,cherryTomato,cherryTomato,True
1030,fresh,fresh,True,banana,mandarin,False
1031,fresh,fresh,True,strawberry,pepper,False
1032,fresh,fresh,True,cherryTomato,mandarin,False
1033,fresh,fresh,True,grape,grape,True
1034,fresh,fresh,True,orange,mandarin,False
1035,stale,fresh,False,banana,pepper,False
1036,fresh,fresh,True,banana,pepper,False
1037,stale,fresh,False,apple,mandarin,False
1038,stale,fresh,False,apple,strawberry,False
1039,fresh,fresh,True,grape,pepper,False
1040,stale,fresh,False,orange,mandarin,False
1041,fresh,fresh,True,pepper,pepper,True
1042,fresh,fresh,True,cherryTomato,mandarin,False
1043,stale,fresh,False,strawberry,cherryTomato,False
1044,fresh,fresh,True,grape,grape,True
1045,fresh,fresh,True,strawberry,pepper,False
1046,fresh,fresh,True,capsicum,capsicum,True
1047,fresh,fresh,True,orange,mandarin,False
1048,fresh,fresh,True,apple,cherryTomato,False
1049,fresh,fresh,True,cherryTomato,pepper,False
1050,fresh,fresh,True,orange,mandarin,False
1051,stale,fresh,False,banana,pepper,False
1052,fresh,fresh,True,pepper,pepper,True
1053,fresh,fresh,True,cherryTomato,pepper,False
1054,stale,fresh,False,banana,pepper,False
1055,fresh,fresh,True,orange,mandarin,False
1056,stale,fresh,False,banana,pepper,False
1057,fresh,fresh,True,strawberry,pepper,False
1058,fresh,fresh,True,cherryTomato,cherryTomato,True
1059,stale,fresh,False,apple,mandarin,False
1060,fresh,fresh,True,orange,mandarin,False
1061,fresh,fresh,True,banana,mandarin,False
1062,fresh,fresh,True,strawberry,pepper,False
1063,stale,fresh,False,pepper,pepper,True
1064,fresh,fresh,True,cherryTomato,pepper,False
1065,stale,fresh,False,orange,mandarin,False
1066,stale,fresh,False,pepper,pepper,True
1067,fresh,fresh,True,mandarin,mandarin,True
1068,fresh,fresh,True,apple,pepper,False
1069,fresh,fresh,True,orange,mandarin,False
1070,stale,fresh,False,mandarin,pepper,False
1071,stale,fresh,False,banana,pepper,False
1072,fresh,fresh,True,apple,pepper,False
1073,stale,fresh,False,banana,pepper,False
1074,fresh,fresh,True,pepper,pepper,True
1075,fresh,fresh,True,banana,pepper,False
1076,stale,fresh,False,capsicum,pepper,False
1077,stale,fresh,False,grape,pepper,False
1078,stale,fresh,False,apple,mandarin,False
1079,fresh,fresh,True,apple,pepper,False
1080,stale,fresh,False,cherryTomato,pepper,False
1081,stale,fresh,False,broccoli,pepper,False
1082,stale,fresh,False,orange,mandarin,False
1083,stale,fresh,False,apple,mandarin,False
1084,fresh,fresh,True,grape,grape,True
1085,fresh,fresh,True,grape,pepper,False
1086,stale,fresh,False,pepper,pepper,True
1087,fresh,fresh,True,mandarin,mandarin,True
1088,fresh,fresh,True,broccoli,pepper,False
1089,stale,fresh,False,cherryTomato,pepper,False
1090,fresh,fresh,True,mandarin,mandarin,True
1091,stale,fresh,False,orange,mandarin,False
1092,fresh,fresh,True,pepper,pepper,True
1093,fresh,fresh,True,strawberry,mandarin,False
1094,fresh,fresh,True,banana,pepper,False
1095,stale,fresh,False,capsicum,pepper,False
1096,fresh,fresh,True,pepper,pepper,True
1097,fresh,fresh,True,orange,mandarin,False
1098,fresh,fresh,True,pepper,pepper,True
1099,stale,fresh,False,apple,mandarin,False
1100,fresh,fresh,True,pepper,pepper,True
1101,stale,fresh,False,grape,pepper,False
1102,fresh,fresh,True,pepper,pepper,True
1103,fresh,fresh,True,banana,mandarin,False
1104,stale,fresh,False,capsicum,pepper,False
1105,fresh,fresh,True,broccoli,pepper,False
1106,fresh,fresh,True,strawberry,pepper,False
1107,fresh,fresh,True,strawberry,pepper,False
1108,fresh,fresh,True,cherryTomato,pepper,False
1109,fresh,fresh,True,strawberry,mandarin,False
1110,stale,fresh,False,banana,pepper,False
1111,fresh,fresh,True,mandarin,mandarin,True
1112,fresh,fresh,True,apple,strawberry,False
1113,stale,fresh,False,grape,pepper,False
1114,stale,fresh,False,capsicum,pepper,False
1115,fresh,fresh,True,mandarin,mandarin,True
1116,fresh,fresh,True,grape,pepper,False
1117,stale,fresh,False,mandarin,pepper,False
1118,fresh,fresh,True,banana,mandarin,False
1119,stale,fresh,False,banana,pepper,False
1120,fresh,fresh,True,strawberry,pepper,False
1121,fresh,fresh,True,grape,grape,True
1122,fresh,fresh,True,mandarin,mandarin,True
1123,fresh,fresh,True,pepper,pepper,True
1124,fresh,fresh,True,banana,strawberry,False
1125,fresh,fresh,True,grape,pepper,False
1126,fresh,fresh,True,cherryTomato,pepper,False
1127,fresh,fresh,True,strawberry,pepper,False
1128,stale,fresh,False,apple,mandarin,False
1129,stale,fresh,False,banana,pepper,False
1130,fresh,fresh,True,grape,pepper,False
1131,stale,fresh,False,banana,pepper,False
1132,fresh,fresh,True,strawberry,pepper,False
1133,fresh,fresh,True,cherryTomato,pepper,False
1134,stale,fresh,False,capsicum,pepper,False
1135,stale,fresh,False,banana,pepper,False
1136,stale,fresh,False,banana,pepper,False
1137,stale,fresh,False,apple,mandarin,False
1138,fresh,fresh,True,mandarin,mandarin,True
1139,fresh,fresh,True,pepper,pepper,True
1140,fresh,fresh,True,apple,pepper,False
1141,fresh,fresh,True,broccoli,pepper,False
1142,fresh,fresh,True,grape,pepper,False
1143,fresh,fresh,True,strawberry,pepper,False
1144,stale,fresh,False,banana,pepper,False
1145,fresh,fresh,True,pepper,pepper,True
1146,fresh,fresh,True,apple,pepper,False
1147,stale,fresh,False,pepper,pepper,True
1148,fresh,fresh,True,capsicum,capsicum,True
1149,fresh,fresh,True,grape,grape,True
1150,stale,fresh,False,apple,mandarin,False
1151,stale,fresh,False,banana,pepper,False
1152,fresh,fresh,True,orange,mandarin,False
1153,fresh,fresh,True,pepper,pepper,True
1154,fresh,fresh,True,banana,cherryTomato,False
1155,stale,fresh,False,apple,mandarin,False
1156,stale,fresh,False,capsicum,pepper,False
1157,fresh,fresh,True,strawberry,pepper,False
1158,fresh,fresh,True,pepper,pepper,True
1159,fresh,fresh,True,orange,mandarin,False
1160,stale,fresh,False,strawberry,pepper,False
1161,fresh,fresh,True,capsicum,pepper,False
1162,stale,fresh,False,banana,pepper,False
1163,fresh,fresh,True,capsicum,pepper,False
1164,fresh,fresh,True,apple,pepper,False
1165,fresh,fresh,True,mandarin,mandarin,True
1166,fresh,fresh,True,apple,pepper,False
1167,fresh,fresh,True,banana,mandarin,False
1168,fresh,fresh,True,mandarin,pepper,False
1169,stale,fresh,False,banana,pepper,False
1170,stale,fresh,False,grape,pepper,False
1171,fresh,fresh,True,grape,grape,True
1172,fresh,fresh,True,pepper,pepper,True
1173,stale,fresh,False,banana,pepper,False
1174,fresh,fresh,True,strawberry,pepper,False
1175,stale,fresh,False,pepper,pepper,True
1176,fresh,fresh,True,mandarin,mandarin,True
1177,fresh,fresh,True,cherryTomato,pepper,False
1178,fresh,fresh,True,apple,cherryTomato,False
1179,stale,fresh,False,pepper,mandarin,False
1180,fresh,fresh,True,banana,mandarin,False
1181,fresh,fresh,True,cherryTomato,pepper,False
1182,fresh,fresh,True,broccoli,pepper,False
1183,fresh,fresh,True,pepper,pepper,True
1184,fresh,fresh,True,grape,grape,True
1185,stale,fresh,False,broccoli,pepper,False
1186,stale,fresh,False,banana,pepper,False
1187,stale,fresh,False,broccoli,pepper,False
1188,fresh,fresh,True,mandarin,pepper,False
1189,fresh,fresh,True,strawberry,pepper,False
1190,stale,fresh,False,pepper,pepper,True
1191,fresh,fresh,True,strawberry,cherryTomato,False
1192,fresh,fresh,True,grape,pepper,False
1193,fresh,fresh,True,pepper,pepper,True
1194,stale,fresh,False,cherryTomato,pepper,False
1195,stale,fresh,False,cherryTomato,mandarin,False
1196,fresh,fresh,True,strawberry,pepper,False
1197,fresh,fresh,True,mandarin,mandarin,True
1198,stale,fresh,False,capsicum,pepper,False
1199,stale,fresh,False,pepper,pepper,True
1200,fresh,fresh,True,grape,pepper,False
1201,fresh,fresh,True,pepper,pepper,True
1202,fresh,fresh,True,cherryTomato,mandarin,False
1203,fresh,fresh,True,banana,pepper,False
1204,fresh,fresh,True,cherryTomato,pepper,False
1205,stale,fresh,False,grape,pepper,False
1206,stale,fresh,False,pepper,pepper,True
1207,stale,fresh,False,apple,mandarin,False
1208,fresh,fresh,True,apple,cherryTomato,False
1209,fresh,fresh,True,capsicum,pepper,False
1210,stale,fresh,False,apple,mandarin,False
1211,stale,fresh,False,orange,pepper,False
1212,stale,fresh,False,pepper,pepper,True
1213,fresh,fresh,True,pepper,pepper,True
1214,fresh,fresh,True,cherryTomato,mandarin,False
1215,fresh,fresh,True,pepper,pepper,True
1216,stale,fresh,False,apple,cherryTomato,False
1217,stale,fresh,False,apple,mandarin,False
1218,stale,fresh,False,orange,pepper,False
1219,fresh,fresh,True,capsicum,pepper,False
1220,fresh,fresh,True,apple,pepper,False
1221,fresh,fresh,True,orange,mandarin,False
1222,stale,fresh,False,broccoli,pepper,False
1223,stale,fresh,False,mandarin,pepper,False
1224,fresh,fresh,True,mandarin,mandarin,True
1225,stale,fresh,False,pepper,pepper,True
1226,stale,fresh,False,orange,mandarin,False
1227,fresh,fresh,True,apple,banana,False
1228,stale,fresh,False,pepper,pepper,True
1229,fresh,fresh,True,apple,pepper,False
1230,fresh,fresh,True,broccoli,pepper,False
1231,fresh,fresh,True,pepper,pepper,True
1232,fresh,fresh,True,apple,pepper,False
1233,fresh,fresh,True,orange,mandarin,False
1234,stale,fresh,False,apple,pepper,False
1235,fresh,fresh,True,strawberry,pepper,False
1236,stale,fresh,False,pepper,pepper,True
1237,fresh,fresh,True,orange,pepper,False
1238,fresh,fresh,True,pepper,pepper,True
1239,fresh,fresh,True,grape,pepper,False
1240,fresh,fresh,True,pepper,pepper,True
1241,stale,fresh,False,pepper,pepper,True
1242,fresh,fresh,True,strawberry,pepper,False
1243,fresh,fresh,True,cherryTomato,pepper,False
1244,fresh,fresh,True,capsicum,pepper,False
1245,stale,fresh,False,mandarin,strawberry,False
1246,fresh,fresh,True,capsicum,pepper,False
1247,fresh,fresh,True,mandarin,mandarin,True
1248,stale,fresh,False,grape,pepper,False
1249,stale,fresh,False,cherryTomato,strawberry,False
1250,fresh,fresh,True,pepper,pepper,True
1251,fresh,fresh,True,banana,pepper,False
1252,stale,fresh,False,strawberry,pepper,False
1253,fresh,fresh,True,orange,mandarin,False
1254,fresh,fresh,True,orange,mandarin,False
1255,fresh,fresh,True,strawberry,pepper,False
1256,fresh,fresh,True,apple,pepper,False
1257,stale,fresh,False,orange,mandarin,False
1258,fresh,fresh,True,grape,grape,True
1259,fresh,fresh,True,orange,mandarin,False
1260,stale,fresh,False,capsicum,pepper,False
1261,fresh,fresh,True,pepper,pepper,True
1262,stale,fresh,False,pepper,pepper,True
1263,fresh,fresh,True,pepper,pepper,True
1264,fresh,fresh,True,apple,cherryTomato,False
1265,stale,fresh,False,orange,mandarin,False
1266,fresh,fresh,True,mandarin,mandarin,True
1267,fresh,fresh,True,banana,mandarin,False
1268,stale,fresh,False,strawberry,pepper,False
1269,stale,fresh,False,broccoli,capsicum,False
1270,fresh,fresh,True,orange,mandarin,False
1271,fresh,fresh,True,apple,pepper,False
1272,fresh,fresh,True,capsicum,pepper,False
1273,stale,fresh,False,mandarin,pepper,False
1274,stale,fresh,False,mandarin,pepper,False
1275,fresh,fresh,True,capsicum,pepper,False
1276,stale,fresh,False,orange,pepper,False
1277,stale,fresh,False,strawberry,mandarin,False
1278,fresh,fresh,True,grape,pepper,False
1279,fresh,fresh,True,pepper,pepper,True
1280,fresh,fresh,True,cherryTomato,mandarin,False
1281,fresh,fresh,True,grape,pepper,False
1282,fresh,fresh,True,orange,mandarin,False
1283,fresh,fresh,True,pepper,pepper,True
1284,fresh,fresh,True,pepper,pepper,True
1285,stale,fresh,False,grape,grape,True
1286,fresh,fresh,True,banana,mandarin,False
1287,fresh,fresh,True,apple,banana,False
1288,stale,fresh,False,grape,pepper,False
1289,stale,fresh,False,banana,pepper,False
1290,stale,fresh,False,apple,mandarin,False
1291,fresh,fresh,True,strawberry,pepper,False
1292,stale,fresh,False,cherryTomato,pepper,False
1293,fresh,fresh,True,pepper,pepper,True
1294,stale,fresh,False,banana,pepper,False
1295,fresh,fresh,True,strawberry,pepper,False
1296,fresh,fresh,True,strawberry,pepper,False
1297,stale,fresh,False,pepper,pepper,True
1298,stale,fresh,False,grape,grape,True
1299,fresh,fresh,True,mandarin,mandarin,True
1300,fresh,fresh,True,cherryTomato,cherryTomato,True
1301,stale,fresh,False,grape,pepper,False
1302,fresh,fresh,True,cherryTomato,cherryTomato,True
1303,fresh,fresh,True,mandarin,mandarin,True
1304,stale,fresh,False,orange,mandarin,False
1305,fresh,fresh,True,grape,pepper,False
1306,fresh,fresh,True,cherryTomato,pepper,False
1307,fresh,fresh,True,mandarin,mandarin,True
1308,stale,fresh,False,pepper,pepper,True
1309,stale,fresh,False,strawberry,mandarin,False
1310,stale,fresh,False,grape,pepper,False
1311,stale,fresh,False,banana,mandarin,False
1312,fresh,fresh,True,mandarin,mandarin,True
1313,fresh,fresh,True,pepper,pepper,True
1314,stale,fresh,False,pepper,pepper,True
1315,fresh,fresh,True,apple,pepper,False
1316,stale,fresh,False,strawberry,pepper,False
1317,stale,fresh,False,pepper,pepper,True
1318,stale,fresh,False,cherryTomato,pepper,False
1319,stale,fresh,False,banana,pepper,False
1320,stale,fresh,False,orange,grape,False
1321,stale,fresh,False,banana,pepper,False
1322,fresh,fresh,True,mandarin,mandarin,True
1323,stale,fresh,False,pepper,pepper,True
1324,fresh,fresh,True,grape,pepper,False
1325,fresh,fresh,True,mandarin,mandarin,True
1326,stale,fresh,False,banana,pepper,False
1327,stale,fresh,False,pepper,pepper,True
1328,fresh,fresh,True,grape,pepper,False
1329,fresh,fresh,True,grape,grape,True
1330,fresh,fresh,True,mandarin,mandarin,True
1331,stale,fresh,False,pepper,pepper,True
1332,stale,fresh,False,mandarin,mandarin,True
1333,stale,fresh,False,apple,pepper,False
1334,fresh,fresh,True,grape,pepper,False
1335,stale,fresh,False,cherryTomato,mandarin,False
1336,fresh,fresh,True,grape,pepper,False
1337,fresh,fresh,True,mandarin,pepper,False
1338,fresh,fresh,True,apple,mandarin,False
1339,fresh,fresh,True,pepper,pepper,True
1340,fresh,fresh,True,cherryTomato,pepper,False
1341,stale,fresh,False,pepper,pepper,True
1342,fresh,fresh,True,broccoli,pepper,False
1343,fresh,fresh,True,strawberry,mandarin,False
1344,fresh,fresh,True,strawberry,pepper,False
1345,fresh,fresh,True,banana,mandarin,False
1346,fresh,fresh,True,strawberry,pepper,False
1347,fresh,fresh,True,strawberry,pepper,False
1348,fresh,fresh,True,banana,orange,False
1349,stale,fresh,False,banana,pepper,False
1350,stale,fresh,False,strawberry,mandarin,False
1351,fresh,fresh,True,strawberry,pepper,False
1352,fresh,fresh,True,cherryTomato,pepper,False
1353,fresh,fresh,True,broccoli,pepper,False
1354,fresh,fresh,True,cherryTomato,cherryTomato,True
1355,stale,fresh,False,apple,cherryTomato,False
1356,stale,fresh,False,pepper,pepper,True
1357,fresh,fresh,True,broccoli,pepper,False
1358,stale,fresh,False,banana,pepper,False
1359,fresh,fresh,True,pepper,pepper,True
1360,fresh,fresh,True,banana,mandarin,False
1361,fresh,fresh,True,pepper,pepper,True
1362,stale,fresh,False,banana,pepper,False
1363,fresh,fresh,True,capsicum,pepper,False
1364,stale,fresh,False,orange,mandarin,False
1365,fresh,fresh,True,mandarin,mandarin,True
1366,stale,fresh,False,pepper,pepper,True
1367,fresh,fresh,True,banana,pepper,False
1368,fresh,fresh,True,banana,pepper,False
1369,stale,fresh,False,strawberry,pepper,False
1370,fresh,fresh,True,grape,grape,True
1371,stale,fresh,False,apple,pepper,False
1372,stale,fresh,False,apple,mandarin,False
1373,fresh,fresh,True,mandarin,mandarin,True
1374,stale,fresh,False,banana,pepper,False
1375,stale,fresh,False,strawberry,pepper,False
1376,stale,fresh,False,grape,pepper,False
1377,fresh,fresh,True,banana,mandarin,False
1378,fresh,fresh,True,grape,pepper,False
1379,fresh,fresh,True,grape,grape,True
1380,stale,fresh,False,banana,pepper,False
1381,stale,fresh,False,cherryTomato,pepper,False
1382,stale,fresh,False,orange,mandarin,False
1383,fresh,fresh,True,cherryTomato,mandarin,False
1384,fresh,fresh,True,pepper,pepper,True
1385,stale,fresh,False,grape,pepper,False
1386,fresh,fresh,True,cherryTomato,pepper,False
1387,fresh,fresh,True,mandarin,mandarin,True
1388,stale,fresh,False,capsicum,pepper,False
1389,fresh,fresh,True,pepper,pepper,True
1390,fresh,fresh,True,grape,pepper,False
1391,fresh,fresh,True,cherryTomato,pepper,False
1392,stale,fresh,False,broccoli,pepper,False
1393,stale,fresh,False,banana,pepper,False
1394,stale,fresh,False,orange,mandarin,False
1395,stale,fresh,False,cherryTomato,capsicum,False
1396,stale,fresh,False,broccoli,pepper,False
1397,fresh,fresh,True,mandarin,cherryTomato,False
1398,fresh,fresh,True,capsicum,pepper,False
1399,fresh,fresh,True,apple,cherryTomato,False
1400,fresh,fresh,True,apple,cherryTomato,False
1401,stale,fresh,False,banana,pepper,False
1402,fresh,fresh,True,pepper,pepper,True
1403,stale,fresh,False,mandarin,pepper,False
1404,stale,fresh,False,banana,pepper,False
1405,fresh,fresh,True,capsicum,pepper,False
1406,fresh,fresh,True,strawberry,pepper,False
1407,fresh,fresh,True,strawberry,pepper,False
1408,fresh,fresh,True,pepper,pepper,True
1409,fresh,fresh,True,capsicum,pepper,False
1410,fresh,fresh,True,banana,pepper,False
1411,stale,fresh,False,orange,mandarin,False
1412,stale,fresh,False,orange,mandarin,False
1413,fresh,fresh,True,mandarin,mandarin,True
1414,fresh,fresh,True,strawberry,pepper,False
1415,fresh,fresh,True,capsicum,capsicum,True
1416,fresh,fresh,True,capsicum,pepper,False
1417,stale,fresh,False,orange,mandarin,False
1418,fresh,fresh,True,apple,cherryTomato,False
1419,stale,fresh,False,orange,mandarin,False
1420,fresh,fresh,True,pepper,pepper,True
1421,stale,fresh,False,banana,pepper,False
1422,fresh,fresh,True,apple,mandarin,False
1423,stale,fresh,False,pepper,pepper,True
1424,fresh,fresh,True,strawberry,pepper,False
1425,fresh,fresh,True,pepper,pepper,True
1426,fresh,fresh,True,grape,pepper,False
1427,fresh,fresh,True,cherryTomato,cherryTomato,True
1428,fresh,fresh,True,banana,mandarin,False
1429,stale,fresh,False,broccoli,pepper,False
1430,fresh,fresh,True,cherryTomato,pepper,False
1431,fresh,fresh,True,grape,grape,True
1432,fresh,fresh,True,pepper,pepper,True
1433,fresh,fresh,True,pepper,pepper,True
1434,stale,fresh,False,orange,mandarin,False
1435,stale,fresh,False,banana,grape,False
1436,fresh,fresh,True,orange,mandarin,False
1437,fresh,fresh,True,banana,mandarin,False
1438,stale,fresh,False,pepper,mandarin,False
1439,fresh,fresh,True,banana,pepper,False
1440,fresh,fresh,True,capsicum,pepper,False
1441,stale,fresh,False,pepper,pepper,True
1442,stale,fresh,False,mandarin,mandarin,True
1443,fresh,fresh,True,mandarin,mandarin,True
1444,fresh,fresh,True,grape,pepper,False
1445,stale,fresh,False,broccoli,pepper,False
1446,stale,fresh,False,strawberry,cherryTomato,False
1447,fresh,fresh,True,orange,mandarin,False
1448,fresh,fresh,True,apple,pepper,False
1449,stale,fresh,False,pepper,pepper,True
1450,fresh,fresh,True,apple,cherryTomato,False
1451,fresh,fresh,True,mandarin,mandarin,True
1452,fresh,fresh,True,strawberry,pepper,False
1453,stale,fresh,False,banana,pepper,False
1454,fresh,fresh,True,banana,mandarin,False
1455,fresh,fresh,True,strawberry,cherryTomato,False
1456,stale,fresh,False,mandarin,pepper,False
1457,fresh,fresh,True,strawberry,pepper,False
1458,stale,fresh,False,grape,pepper,False
1459,fresh,fresh,True,pepper,pepper,True
1460,stale,fresh,False,strawberry,pepper,False
1461,fresh,fresh,True,grape,grape,True
1462,fresh,fresh,True,apple,cherryTomato,False
1463,stale,fresh,False,apple,mandarin,False
1464,fresh,fresh,True,mandarin,mandarin,True
1465,fresh,fresh,True,pepper,pepper,True
1466,stale,fresh,False,pepper,pepper,True
1467,fresh,fresh,True,orange,cherryTomato,False
1468,stale,fresh,False,banana,pepper,False
1469,stale,fresh,False,apple,mandarin,False
1470,fresh,fresh,True,mandarin,pepper,False
1471,fresh,fresh,True,grape,pepper,False
1472,fresh,fresh,True,strawberry,pepper,False
1473,fresh,fresh,True,apple,cherryTomato,False
1474,fresh,fresh,True,apple,mandarin,False
1475,stale,fresh,False,apple,mandarin,False
1476,fresh,fresh,True,orange,mandarin,False
1477,fresh,fresh,True,banana,mandarin,False
1478,stale,fresh,False,pepper,pepper,True
1479,stale,fresh,False,capsicum,pepper,False
1480,fresh,fresh,True,cherryTomato,mandarin,False
1481,stale,fresh,False,apple,cherryTomato,False
1482,stale,fresh,False,strawberry,pepper,False
1483,fresh,fresh,True,grape,pepper,False
1484,fresh,fresh,True,capsicum,pepper,False
1485,fresh,fresh,True,pepper,pepper,True
1486,stale,fresh,False,orange,mandarin,False
1487,stale,fresh,False,grape,pepper,False
1488,fresh,fresh,True,grape,grape,True
1489,fresh,fresh,True,apple,pepper,False
1490,fresh,fresh,True,mandarin,mandarin,True
1491,fresh,fresh,True,broccoli,pepper,False
1492,fresh,fresh,True,strawberry,pepper,False
