,0,1,2,3,4,5
0,사진찍기 미션,"잘 쓰고 있는데요, 사진찍기 미션 그냥 침대에 누워서 여러번 어둠을 찍으면 미션 풀려요.. 버그인가요?",4,2023-01-27T19:56:37-07:00,6.77.2,수믄고수
1,다시 울림,알람 다시 울림 껐는데.. 했다가 끄긴 한건데 원래 이렇게 많이 울리나요?? 아침부터 스쿼트로 힘 다 뺄 거 같은데요..,4,2023-01-27T16:35:43-07:00,6.77.2,아니 무슨 별명도 겹치면 안된대
2,갑자기 먹통이에요,"잘 쓰고 있었는데 어제(27일) 아침에 알람 끄려고 들어가니까 들어가지지않고 튕겨나오고 아직까지 튕겨져서
다시 삭제하고 다운받으려니 다운 자체가 안되네요..?
알라미 없으면 못사는데🥺 ios 업데이트를 안 했는데 그래서 그런걸까요 ..... 해결책 없을까요 개발자님 넘 슬퍼요 ...........",5,2023-01-27T08:18:20-07:00,6.77.2,옥슈슈크림
3,무조건 일어나게 만들어주는 앱,"집 앞 공원 벤치 사진 찍어놓으면
무조건 일어나게 됨 ㅋㅋ",5,2023-01-26T21:22:17-07:00,6.77.2,성공해서돌
4,간편하고 좋아요,"잘 쓰고 있어요
특히 퀵 알람 이라는 기능을 많이 쓰는 것 같아요
앞으로도 애용하겠습니다 ❤️",5,2023-01-26T20:30:56-07:00,6.77.2,귤수니
5,알리미 리뷰,좋아요. 기능도 좋고 미션도 재밌어요. 내일부터 실전 진입합니다.,5,2023-01-26T05:50:32-07:00,6.77.2,큉ㄹㅅ러료
6,진짜 꼭 이거 까세요  ..  ❤️❤️,"제가 늦잠을 자주 자는 편인데 , 친구한테서 이 앱을 추천 받았어요 !  '오 ? 이거 깔면 도움되겠는데 ?' 라는 생각으로 이 앱을 깔았어요 💛 어제 앱을 설치했는데 , 진짜 아니 알람소리도 완전 다양하구 , 아침에 잠 깨게 해주는 기능 (수학문제 풀기, 사진 찍기, 등등) 이 많아서 좋아요 !! 어제 알라미 설정한건데 ..  너무 좋아서 리뷰 남겨여 !  🤍",5,2023-01-25T21:07:54-07:00,6.77.1,세젤귀 토끼 예찡
7,수학 실력이 향상되었어요,매일 아침마다 덜깬 상태로 암산을 하니 수학 실력이 늘었습니다. 이제 제 머릿속에서도 암산이 잘 돼요. 전국의 학생 여러분 추천드려요,4,2023-01-25T12:42:20-07:00,6.77.1,kwasfwojf
8,환불해주세요,"결제 한적도 옶는데 이게 뭐죠
로그인만 했었는데 뭐 계좌에 돈 넣으니까 바로 
빠져나가네요 사용 한적도 없으니까
환불 좀 해주세요",1,2023-01-24T20:19:04-07:00,6.77.1,ㅂㄷ헌 거ㅏ느녕
9,배터리 많이먹네요,"백그라운드에서 지속적으로 배터리를 먹네요 배터리 사용량중 10%넘는 부분을 이친구혼자 백그라운드에서 냠냠..
그래도 거진 7-8년 쓴 앱이에요 좋아요",5,2023-01-23T05:11:58-07:00,6.77.1,shion_taylor
10,만족합니다 그런데 추가기능 있었으면 좋겠어요,"이 알람 앱 만족하고 있습니다. 그런데 이런기능이 있었으면 좋겠어요! 알람 주로 아침에 일어나서 학교나 직장갈 때 사용하는데, 공휴일에는 보통 사람들이 일찍 안 일어나잖아요? 그래서 ‘공휴일은 알람끄기’랑 ‘대체공휴일 알람’끄기같은게 추가되었으면 좋겠습니다!",5,2023-01-22T07:19:56-07:00,6.77.1,09Roa
11,좋은 알람어플입니다,한번씩 아침에 소리는 울리는데 터치가 안되서 폰꺼버리고 늦잠자는경우가 있긴한데 그것만 수정되면 진짜 좋을거같아요!,4,2023-01-21T08:36:09-07:00,6.77.1,뉴진스의 하입보이요?
12,구독해지했는데 결제가 됐어요,갑자기 8500원 결제내역이 떠서 7일 무료이용하고 해지했었는데 결제됐네요. 프리미엄 사용할 의향 전혀 없는데 환불해주세요,1,2023-01-20T02:57:29-07:00,6.77.0,딩궁뎅궁
13,매달 돈내는건 빨대꼽히는 기분이다,"차라리 일회성 구매로 바꿔라 
어플하나로 연금받을려고 하지말고",1,2023-01-18T21:31:01-07:00,6.77.0,얌얌이양
14,다좋은데,"몇년째 잘쓰고 있는데 
아이폰에서 알람 설정해두면 배터리 소모가 엄청 빨라요 그래서 매일 설정-해제를 반복합니다
배터리 광탈하는거만 빼면 다 좋아요",5,2023-01-18T21:12:20-07:00,6.77.0,renab514
15,언어가 다른 언어로 바꼈습니다,안녕하세요 알라미를 잘 사용하고 있는 유저인데요 오늘 아침부터 갑자기 알라미가 한국어가 아닌 다른 언어로 바껴있어서요 아랍어?같은 언어인 것 같은데 바꾸려고 해도 다른 언어라서 뭔 말인지 모르겠고 해킹 당한 건가 싶기도 해서 리뷰 작성해봅니다. 오류라면 빨리 해결해주셨음 좋겠습니다.,3,2023-01-18T20:34:31-07:00,6.77.0,익명씌
16,알라미 사용 1일차,"미션으로 스쿼트 20개 하고 다리 후들거리면서 하루를 시작했습니다. 덕분에 아주 기분 좋은 하루를 시작할 수 있었습니다. 

지난 몇 개월 동안 아무리 일어나 볼려고 별에별짓을 다 해보았는데 아주 기잣같이 매일 하루도 빼먹지 않고 실패하며 늦잠을 잤습니다. 그래서 밤 늦게까지 일을 하고 아침 늦게 일어나자로 생활 패턴과 전략을 바꿨는데 이제 그럴 필요가 없어졌습니다. 
유튜브 알고리즘으로 채널EO에서 알게 되어 이 어플을 바로 사용했는데 지난 몇 개월간의 고민이 이 어플로 단 한방에 해결됐습니다. 도데체 이 기적의 어플을 왜 이제서야 알게 됐는데 너무 후회가 되네요. 출시됀지 꽤 오래 됐는데도 생각보다 많이 알려지지 않아 접하기 오려웠던 점이 아쉽습니다. 

사용한지 이제 하루 밖에 안되서 드릴 수 있는 피드백이 없네요… 앞으로 감사의 마음으로 사용하면 또 피드백을 올리겠습니다 ㅜㅜ 사..사랑해요…",5,2023-01-18T15:26:43-07:00,6.77.0,어린남자
17,아니 자꾸 알라미 제 돈 빼가요,두 번이나 빼감 8500원 알라미 지운지가 언젠데 저 전재산 만원이었는데 8500원 자꾸 빼가서 돈 없어요 그거 밥 먹을 돈이었는데 화가 너무 나요 진짜 너무 화나요 아 진짜,1,2023-01-17T02:45:49-07:00,6.76.0,박쥐송찐뷘
18,안울리는 원인,"앱 자체는 너무 유용한 최고의 앱입니다. 다양한 미션을 통해 아침에 잘 일어날 수 있습니다. 그러나 일주일에 두번 정도는 알람이 안울립니다. 백그라운드에서 없애면 안울릴 수 있다 하여 절대 없애지 않았고요, 알람 날짜 시간도 정확히 맞춰져 있는데 도대체 왜 안울리는지 모르겠습니다. 이 현상이 앱에 문제가 있는 것이라면 조속히 해결 부탁드리고, 만약 제게 문제가 있는 거라면 해결방안을 알려주시길 바랍니다.",5,2023-01-16T16:34:32-07:00,6.76.0,위문품만
19,성능은 좋음,내가 나약한 인간이라 수학문제를 풀지 못하고 전원을 꺼버렸지만….,5,2023-01-15T08:50:07-07:00,6.76.0,요오ㅓㅇㅎ
20,소리가 커서 좋아요.,소리가 매우 커서 아이폰 기본 어플보다 잘 사용 중입니다.,5,2023-01-13T22:37:51-07:00,6.76.0,강시큰둥
21,알람 소리,너무 좋아서 잘 쓰고 있는데 가끔가다가 알람 소리가 안나요 ㅜㅜ 다른 분들 후기 보니까 다 같은 증상인 것 같은데 제발 고쳐주세요 ㅜㅜㅜ,5,2023-01-12T16:44:18-07:00,6.76.0,동혁이굴려
22,아이폰 알람이 안 울려요,"어플을 켜고 들어가면 진동으로만 알람이 울려요
사진도 똑같은 모습을 찍었는데 인식을 너무 못해요ㅠㅠ
몇 년째 너무 잘 쓰던 어플이었는데 나중에 다시 돌아왔을 땐 수정 되어있으면 좋겠네요ㅠ",4,2023-01-12T15:29:05-07:00,6.76.0,으아아악이
23,이미 구독 했는데도 불구하고 계속해서 구독하라는 메세지가 뜹니다.,"아마 뭔가 시스템상의 오류인거같은데 이미 구독한 항목에 표시가 있는데도 알람 설정을 할때 계속 구독하라는 메세지가 뜨고, 구독 갱신 유지 버튼을 눌러도 알람이 설정이 안되고 또 구독하라는 메세지가 뜹니다. 문제 해결해주세요.",1,2023-01-12T15:07:17-07:00,6.76.0,책책책책을 읽읍시다
24,다 좋은데,노래 듣고 있을때 알람 울리면 노래가 뚫고 나옴;이어폰을 끼고 있어도 소용없음 지하철에서 당황한게 한 두번이 아님 단점이 너무 치명적이라 좀..,2,2023-01-12T14:49:49-07:00,6.76.0,;;;;...
25,왕왕 굳굳,알라미 덕에 학교 꼬박꼬박 지각 하지 않고 갈 수 있었습니다....감사합니다....사랑해용 알라미...(❁´▽`❁)💗,5,2023-01-12T10:42:36-07:00,6.76.0,겸둥이다현이다됐냐?
26,예전에는 앱 켜놓기만 하면 잘만 울렸는데,"예전엔 앱 켜놓기만 하면 잘만 울렸는데 요근래
한번씩 알람이 알림은 뜨는데 소리가 안들리더라구요..
아이폰입니다. 물론 진동으로 설정하지도 않았구요 소리로 되어 있는데 소리가 안나요. 잠결에 진동으로 바꿨다고 해도 진동이 울려야되는데 그것도 아니에요
꼭 그런날은 공기계도(똑같이 알라미 어플 사용)
안울려서 몇 번이나 못듣고..
왜이렇게 됐나요 ㅠㅠㅠㅠ  다른분들 리뷰 보니까 저만 그런거 아닌 거 같은데.. 아이폰 업댓하면서부터인가.. 5일중에 3일은 소리가 안나는 거 같아요.. 그리고 그 알람 끄려고 폰 열고 어플 들어가면 그때서야 엄청 울려대고.. 개발자님 원래 안이랬잖아요 ㅠㅠ",4,2023-01-08T13:20:48-07:00,6.76.0,아이폰팅겨요
27,출근시간,나의 부모님같은 어플,5,2023-01-08T08:32:40-07:00,6.76.0,wow2002r
28,화면이 켜진상태에서 알림리스트 아래 광고영역이 클릭되면 알림이 안울려요,실수로 광고영역이 눌린 것 같은데 제가 광고하는 어플이 깔려있어선지 알리미에서 ‘ㅇㅇ’을 켜시겠습니까? 팝업이 뜬 상태에서 알림이 안울리는 상태로 멈춰있더라고요.. 그외에는 몇년째 잘 쓰고있습니다! 개선해주시면 좋겠어요,4,2023-01-05T17:57:17-07:00,6.76.0,별명6156
29,좋아여,아침에 일어날때 잘 일어나져요,5,2023-01-05T08:53:06-07:00,6.76.0,태듀
30,ㅠ,"좋은데 가끔 엄청나게 큰 소리가 나요ㅠㅠ
미리보기 할때도 계속 나고요..",5,2023-01-04T16:40:09-07:00,6.76.0,어려사
31,가끔 소리안들림ㅋㅋ,이거때메 지각 자주함 ㅋㅋ 하 쓰지마세요,1,2023-01-04T16:05:30-07:00,6.76.0,겅해
32,프리미엄 샀는데 오류,"8,500 주고 프리미엄 구독했는데 안돼요. 돈은 냈다고 되는데 알라미 앱을 열면 프리미엄 다시 사라고 떠요. 이게 말이 됩니까 진짜. 너무 빡치네. Payed for premium but the features aren’t working. This is absolute blasphemy in 2022 where app developers should be embarassed to not be able to patch issues like this.",1,2023-01-03T23:14:12-07:00,6.76.0,jamespark0604
33,흔들기가 안돼요,흔들기ㅗ 해서 일어나는걸로 했는데 아무리 폰을 흔들어도 카운트가 내려가지를 앙ㅎ아서 짜증이 나네요,2,2023-01-02T17:21:43-07:00,6.76.0,센세 살려주시라우
34,오랜만의 접속 그러나...,"저는 ios 15.6.1 버전을 사용 중입니다. 기기는 iPhone 11 Pro 이구요. 요즘 들쑥날쑥인 제 기상시간도 다 잡으며 몸도 움직이려고 알라미를 검색해 다운 받았습니다.

그런데 이전에는 잘 되던 무료기능(미션 1개 설정)이 왜 안되는지 궁금하네요. 미리보기는 작동하나 그 외의 경우 미션 설정페이지에서 완료버튼을 누르는 경우 구독 플랜 안내페이지로 넘어가고 활성화 된 버튼으로는 무료체험 시작하기가 보입니다.

무료기능이 삭제된 것이라면 추가적인 안내가 필요할 것 같아 리뷰 남겨둡니다. 새해복많이받으세요~ :D",4,2023-01-01T17:48:47-07:00,6.75.0,ㅂ몽
35,알림도중에 핸드폰 못끄게하는기능,"예전에는 알람도중에 핸드폰 끄는게 안됐던것같은데
지금은 삼성 애플 둘 다 기계종료가 되네요..
혹시 알람도중 핸드폰을 못끄게하는 기능이나 설정 있을까요",5,2022-12-28T23:57:25-07:00,6.75.0,doo0723
36,굳,알람 20개를 1개로 줄여준 어플👍,5,2022-12-28T02:44:13-07:00,6.75.0,성공이코앞
37,여러개 한꺼번에 삭제하는 기능이 없어서 너무 불편해요ㅠㅠ,아이폰 유저도 한꺼번에 여러개 눌러서 삭제할 수 있게 해주세요..,5,2022-12-27T23:48:22-07:00,6.75.0,으갸갹갹갹
38,소리가 안나요 ㅠㅠ,"몇년전부터 사용중인데 
가끔씩 소리가 안나요
진동은 울리는데 
혹시나해서 음량 확인해보니 최대로 키워놨는데 ㅠㅠ
폰 껏다 키니까 다시 되고 또 됐다 안됐다ㅠㅠ그러네여",5,2022-12-27T04:54:53-07:00,6.75.0,ㅜ대식
39,개 빨리 일어나네,원래 리뷰 잘 안쓰눈뎁 이건 써야겠다..일단 너무 좋아요!! 바로 일어나고 수학문제로 설정 해놨는데 문제 풀면. 일단 전 확실히 깨요!!약속 있는날은 진짜 큰 소리로 해노면 진짜 정신이 너무 멀쩡해요!!이 앱을 한마디로 줄이자면 “너무 멀쩡하게 일어나고 너무 좋다”,5,2022-12-25T19:24:56-07:00,6.75.0,사용중인사람
40,알림안울리는 알림앱,지웁니다 전엔 잘 되더니 요즘엔 진동만울려서 쓰는 이유가 없네요,1,2022-12-25T15:25:01-07:00,6.75.0,ㅇㅇㅇㅇㅌ1
41,.,대체적으로 괜찮은 앱이지만 혹시 알람이 디게 울려도 못일어나는 타입이면 쓰지 마세요. 이거 알람이 몇시간이고 계속 울려서 혹시 못일어나 버리면 소리랑 같이 진동 울려서 무리가 가 버려 진동 모듈이 고장나 버립니다,5,2022-12-25T04:57:29-07:00,6.75.0,!!위험!!
42,정말 오래 써왔고 평소에 잘 쓰거든요?,"근데 자꾸 알람이 안울리는 날이 있어요 ㅡㅡ
알람어플이 안울리면 어떡합니까????
소리는 안나고 진동만 울려서 늦는날이 종종 있는데 무슨 알람어플이 이래요
참다참다가 오늘 아침도 이래서 그냥 지울랍니다
랜덤하게 어떤날은 안울리는데 그러면 꼼짝없이 늦어야돼요 이제는 못참겠어요 오랫동안 감사했고요 종종 정말 큰일이었습니다 그럼 안녕",2,2022-12-21T17:57:23-07:00,6.75.0,민 연키
43,알람이 울릴 때 화면이 안나와요,알람이 울릴 때 알람화면이 안나와서 알람 울릴 때마다 핸드폰 잠금 풀고 직접 앱에 들어가서 꺼야해요ㅠㅠㅠㅠㅠㅠ 고쳐주세요ㅠㅠㅠ,5,2022-12-20T14:36:03-07:00,6.75.0,심록
44,요금제 종류 다른건 먼가여?,"오늘부터 결제해서 쓰려고 하는데
요금제가 4000원부터 있는데
혹시 8500원보다 싼걸로 결제하면 프리미엄 사용 못하나요??",4,2022-12-20T08:24:03-07:00,6.75.0,수비리비
45,불필요한 정보가 제공되는 알람앱,"알람을 맞추고 일어나서 끄면
오늘의 패널이라는 페이지로 이동되어있는게 정말 불편합니다.
알람을 재설정하고 다시 잘 수도 있는 건데
오늘의패널은 도대체 누굴위한 기능인가요?
아침마다 이거때문에 스트레스받아서 삭제하려고 합니다.",5,2022-12-20T07:14:20-07:00,6.75.0,핫케이크개새
46,아이폰 14 프로,거의 몇년째 꾸준히 이 어플에서 바코드 기능 쓰고 있는데 아이폰 14프로로 이번에 바꿨는데 이 어플에서만 초점이 안맞아서 바코드를 제대로 찍을수가 없네요 ... 이건 아이폰 14프로 기본카메라 기능 중에 근접에서도 초점 맞춰주는 기능이 어플에는 작동을 안해서 이러는거 같은데 방안이 없을까요 앞으로 계속 휴대폰들이 카메라가 발전해서 이런식으로 나올거 같은데 어떡하죠,5,2022-12-19T20:46:27-07:00,6.75.0,짱이네이
47,갑자기 언어가 바뀜,갑자기 들어가니 알 수 없는 언어로 바껴있네요? 왜 구러죠??,1,2022-12-18T12:38:31-07:00,6.75.0,네 더이터
48,몇년간 잘 쓰고 있엇는데 11월부터 알람이 안울립니다,"<ios탓으로 돌리지 말고 업데이트를 하던 점검을 다시 해보세요.>
정확히 11월쯤부터 알람이 울리지 않는 현상이 몇번 발생하고 알림창에만 뜨더라고요. 백그라운드설정 무음모드 다 해제했는데도 안됩니다. 그리고 최근 리뷰에도 안울린다는 리뷰가 많네요. ios탓으로 돌리지 말고 업데이트를 하던 점검을 다시 해보세요.
덕분에 학교도 몇 번 지각하고 출결점수 많이 까였네요. 화가 치밀어오르지만 몇년동안 쓴 정이 있어 3점 남기지 맘같아서는 반점도 주고싶지 않습니다.",3,2022-12-18T11:48:36-07:00,6.75.0,솜쨘
49,so,so,4,2022-12-18T10:06:23-07:00,6.75.0,답답ㄹㅇ
50,좋습니다,정말 짜증나게해서 일어나기 좋습니다 ㅎㅎ,5,2022-12-17T11:58:05-07:00,6.75.0,인천송도
51,지각ㅡㅡ,최근에 세번이나지각함. 알라미도 적응되서 한 5개를 맞춰놓고 자는데 처음꺼를 끄고나서인지 뭔지는 몰라도 계속 무음으로울려서 회사 지각 최근에 세번함. 진짜 잘리기 일보직전. 갤럭시때는 배터리충전을 안하고쓴날 너무 잘울려버리는탓에 폰방전되서 지각한적은있어도 무음전환된적없는데 아이폰은 이거 안쓰는게답이네요. 백그라운드에서 무음으로 계속 울리고있었음. 너무짜증나요 진짜 아이폰유저 쓰지마세요 너무믿지마세요 어느날 지각하는 날 꼭 옴. 그게엄청중요한날일수도 있고.. 전 이제 놓아주렵니다,1,2022-12-16T17:42:09-07:00,6.75.0,wkdiejf
52,이 앱 무조건 까셈,이거 개좋음 ㅋㅋ 이거 왜 안깔아요 ㄹㅇ ㅠㅠ 진짜 아침에 일어나기 쌉가능,5,2022-12-16T03:11:00-07:00,6.75.0,asdfghq0
53,알라미,알람 맞출 때 직빵으로 이것만한 어플이 없는 것 같은데 알람 맞출 때 키패드가 아닌 스크롤바로 조정해야해서 조금 어려워요.ㅜㅜㅜ,5,2022-12-15T12:34:51-07:00,6.75.0,예인디
54,너무 좋아요,휴대폰 앱 자체 알람이 고장나서 앱을 설치해봤는데 너무 좋은것같아요.그리고 소리가 잠이 완전 잘깨네요 문제푸는것도 재밌어요,5,2022-12-15T09:56:29-07:00,6.75.0,전교일등의발악
55,흔들기 기능 오류..,"아무리 흔들어도 카운트가 안줄어들어요 ㅠ 어플을 지워야
알람을 끌수있네용 ..",3,2022-12-14T13:04:36-07:00,6.75.0,기가막힌새램
56,배터리소모,"제 수험생활의 기상을 책임져준 고마운 앱이에요
미션으로 사진찍기 설정해두면 어쩔수없이 꾸역꾸역 일어남
근데..배터리 소모가 너무~~커요 정말
한번은 휴대폰 배터리가 95퍼센트길래 충전기를 안꼽아놓고 잤는데 다음날 알라미때문에 배터리가 5퍼센트가 되어있었어요
이 점만 고쳐준다면 정말 좋은 앱인데 ㅠㅠ",3,2022-12-13T08:46:33-07:00,6.75.0,줽뛝꿃
57,거실에 가따노세요,"침대옆에놔두면 전.그냥,삭제하게되더라구요
알람울릴때ㅋ",5,2022-12-12T15:02:28-07:00,6.75.0,린2의추억
58,진동만 울려요,소리가 안나요 소리 켜놨는데 진동만 울려요 시험기간이려서 믿었는데 늦게 일어났네요 짜증나요,4,2022-12-12T14:15:29-07:00,6.75.0,똥꼬가 여린 공룡
59,ㅎ,좋아요! 중요한날에 쓰기 좋아용구리구리,4,2022-12-12T02:58:50-07:00,6.75.0,홍주하
60,진짜 개같이 만들었네,한시간동안 흔들었는데 카운트 안 줄어들고 알람 안 꺼져서 앱 삭제했다,1,2022-12-10T21:34:58-07:00,6.75.0,나라앚
61,알림의 혁신,"휴대폰에 기본으로 설정되어 있는 알람은 많이, 시끄럽게 설정해둬도 절대 깨지 않던 사람이었습니다.
이 앱을 깔고 나서부터 알림 소리는 무조건 듣게 되었구요 첨에 수학문제 풀기로 설정해놨더니 풀고 자버려서 화장실 세면대 사진 찍기로 바꿧습니다. 한 번도 일어난 적 없던 제가 바꾸고 나서부터 매일 새벽 5시에 일어나게 되었어요
덕분에 아침공부도 하고 있어 기분이 너무 좋아요 갓생사는 느낌이라 하루하루가 즐겁습니다. 감사합니다 정말",5,2022-12-09T06:37:04-07:00,6.74.0,제발 봐주세요 운영자님 제발제발젤발
62,알람이 안울려요,무음모드도 아니고 백그라운드에서 끄지도 않았는데 울리지 않을 때가 많아요 요즘 ㅠㅠㅠ 혹시 몰라서 맞춰둔 기본 알람 어플에 일어나서 폰 하고 있다가 사운드가 조절이 안되고 최대로 계속 맞춰질 때 백그라운드에 켜져있던 알라미 어플로 들어가보면 그제서야 알람이 울려요 ㅠ ㅠㅠㅠㅠㅠ 여지껏 잘 써왔는데 근 몇주간 이러네요,1,2022-12-08T17:45:26-07:00,6.74.0,밈먐몸
63,잘쓰고있다 어느순간 스페인어로 바뀜,"모가 뭔지 하나도모르겠어서 못쓰겠어요
진짜 몇년 쓴 어플인데..
스페인어로 바껴서 한글이 1도 안보여요
어떻게 언어설정 한국어로 바꾸나요?",4,2022-12-08T08:03:02-07:00,6.74.0,mimm18
64,저 이거 아니면 아침에 못일어나요ㅠㅠ,"제가 진짜 천하의 게으름뱅이입니다!! 하루에 15시간도 자는 녀석이에요ㅠㅠ 잠만보 나무늘보!! 그게 접니다!! 그렇게 인생이 낭비되고 무기력한 나날을 보내는 저에게 선물같은 어플이 이거에요 제 인생을 바꿔주셔서 감사합니다! case by case지만, 이 어플 사용한지 좀 되었는데 계산하기 퍼즐? 그동안의 저한텐 다 소용이 없었어요….그건 다 풀고 다시 자더라구요…ㅠㅠ 그러다 소용이 있었던 미션은 바로 사진찍기!!! 잠자리 옆에 미리 물떠다놓고 그 물컵을 사진만 찍으면 됩니다….ㅠㅠ 물마시면서 정신차려지고 일어나요…..지금은 이제 제 기분의 저항없이 기분나쁘지 않게 일어나요!!! 감사합니다!!!!",5,2022-12-07T14:21:55-07:00,6.74.0,헤이호후
65,2,왜 알람이 2일 뒤로 설정 돼어있냐고요,1,2022-12-07T13:56:29-07:00,6.74.0,디보디보짱
66,알람이 안울려요 ;,ㅋㅋ,1,2022-12-06T23:08:05-07:00,6.74.0,jdvkyrg
67,효과 진짜 좋아요,미션을 흔들기 하나만 하고 잤는데 아침에 그거 하느라 힘이 다빠져서 잠이 확 깨네요! 너무 좋아요,5,2022-12-06T05:07:24-07:00,6.74.0,곤듀병
68,너무 좋아요,너무 편함,5,2022-12-05T04:50:51-07:00,6.74.0,김밥맨돌이
69,효과가 좋습니다,"가끔 안 울릴때가 있긴한데 효과는 좋습니다
이젠 맨정신에 알람소리 들어도 토가 쏠려요",5,2022-12-04T09:30:49-07:00,6.74.0,일찍일어나기싫어요
70,다 좋은데..,"문제를 풀고 하면서 뇌를 깨우는건 너무너무 좋은데
백그라운드에 계속 켜놓아야해서 너무너무너무너무 불편해요! 제발 고쳐주세요.",3,2022-12-03T06:59:58-07:00,6.74.0,김한음
71,자고 일어나니까 스페인어?로 세팅되었어요,"1년 결제해서 8만원 돈 주고 쓰는데, 사용한 지 몇 개월 되지 않았습니다.
자고 일어났는데 어플의 모든 설정들이 스페인어로 바뀌어 있어요.
문의 메일 보냈는데, 한글로 바꾸는 방법을 알려주는 게 아니라 어떤 게 문제인지 모르겠고 버그가 개선되는 방향으로 업데이트 한다는  피드백만 받았네요..
업데이트 떠서 앱 업데이트를 했는데도 여전히 스페인어(로 추정)가 떠 있네요.
한글로 바꾸는 언어 설정 옵션 같은 거는 여전히 보이지 않고요.
돈을 주고 쓰는데, 무슨 말인지도 몰라서 쓰지 못하고 있습니다.",3,2022-12-02T10:52:48-07:00,6.74.0,별명은 영어로 닉네임
72,스쿼트 미션,"안녕하세요 
지난번에 무료체험으로 스쿼트 미션 했을때 너무 좋아서 유료구독을 했는데 스쿼트를 아무리 열심히 해도 숫자가 안 줄어드네요...무료체험 할때는 한번도 이런적이 없었는데 왜이럴까요ㅠ 그때랑 똑같이 설명대로 스쿼트하는데 인식이 되지가 않습니다 어플 지웠다 다시 깔았는데도 똑같아요
꼭 답변 부탁드려요",4,2022-11-29T14:40:23-07:00,6.73.3,빵댕댕댕
73,앱삭제 못하게 만들어주게요..,미션 해결하기 전까지는 화면 밖으로 못나가게 만들어주게요 제발 요 ㅠㅠㅠㅠㅠㅠㅠㅠ그러면 이 알람앱은 지상최대 알람앱이 될거에요,5,2022-11-29T10:25:29-07:00,6.73.3,사과쥬스는애플쥬스
74,너무 좋아요 （＾∇＾）,"요즘 아침에도 일찍 일어 날 수 있게 되어서 너무 좋네요 ㅎㅎ
너무 효과적이에요 !! 감사합니다",5,2022-11-29T06:28:46-07:00,6.73.3,안디𓃇𓂭
75,알람이 제 시각에 안울리고 30분 뒤에 울렸습니다,덕분에 지각할뻔,1,2022-11-29T04:08:07-07:00,6.73.3,앱삭제했음
76,괜춘함,잘 깬다,4,2022-11-29T02:37:25-07:00,6.73.3,검괭
77,알라미,"제 아침을 책임지는 어플🤤 4년 넘게 잘 쓰고 있어요 매일 밤 자기 전에 알라미 어플 켜두고 자는 게 관례가 됐습니다,,, 오류로 안 울린 적이 있긴 하지만 굉장히 드문 편이고, 아이폰이라면 백그라운드에서 지우지 않기만 하면 잘 울려서 좋아요! 미션 다양한 편이라 잠이 더 빨리 깨고 광고도 화면 가리지 않고 스무스하게 있어서 좋아요",5,2022-11-29T02:06:13-07:00,6.73.3,acccccsj
78,ㅗ,공지고 뭐고 안 해놨으니 알바 짤린 거 니들이 보상해라,1,2022-11-28T21:22:28-07:00,6.73.3,참을인세번초과
79,알람 안울리는거 방지하려면,"항상 알람목록 화면으로 띄워 놓으세요 
여러번 맞춰놓고서 울렷다 그냥 끄게되면
오늘 기분창으로 넘어가니
반드시 알람목록으로 바꿔주시구요",4,2022-11-28T20:16:41-07:00,6.73.3,알라뮈유저
80,역시 나라는 인간은 안되는 것인가..,제가 진짜 잠이 많아서 그런지 100번 흔들기로 해놨는데 진짜로 100번 흔들고 바로 잡니다.. 잠이 많은 사람은 안될수도..,5,2022-11-28T07:04:35-07:00,6.73.3,윤송아지연
81,안울려요..,"ios 울릴때도 잇고 안울릴때도 있는데 진짜 뭔가요..
방해금지 모드 하고 벨소리 키고 자도 잘되길래 알라미 많이 썼는데, 토요일에 알람 안울리고 핸드폰 알림으로 혼자 울리고 있어서 당황스러웠네요 ㅠㅠ 중요한 날이였는데 ..",3,2022-11-27T20:31:02-07:00,6.73.3,ㅇㅇ!-!
82,개인적인 의견,평소 잠도 많고 늦게 일어나서 자주 지각하곤 했는데 이 앱을 쓰고나서 일찍 일어나더라도 잠을 깰수 있게 수학 문제 같은거나 프리미엄 결제하면 스쿼트나 따라쓰기 등등  까지 되서 너무 좋습니다 !! 잠이 안오면 비 소리나 asmr 등도 있더라구요 너무 좋습니다 ..,5,2022-11-27T07:37:40-07:00,6.73.3,🎀💝💓💗💞💕💘💖
83,혹시...,너무너무너무 좋은데..제가 자꾸 잠결에 더 자고싶어서 미션 안 깨고 홈으로 나가서 앱 삭제를 해요.. 프리미엄까지 결제했는데..🥹매일 아침에 삭제하고 밤에 다시 깔고..반복..스쿼트 미션 정말 최고예요.. 하지만 삭제하는 법 알고나서 미션 안 깨고 삭제하기 바빠요...홈으로 못 나갈 수 있게 해주실 수 있으실까요...?,5,2022-11-27T06:00:06-07:00,6.73.3,바사갇
84,갑자기 알람이 안 울려요,알람을 자기 전에 맞춰두는데 알람이 맨날 안 울려요 그래서 계속 지각하고 그랬습니다 앱 갈아타라는 징조일까요?..,1,2022-11-26T18:41:25-07:00,6.73.3,이거 왜 이러죠
85,소리가 안나요,설정이 바뀐것도 아닌데 어떤 때는 진동은 울리는데 소리가 안나요. 어떤 때는 아예 안울릴 때도 있고 알람 해제 창이 안뜬다거나 가끔씩 그런 오류만 아니면 괜찮은 어플이지만 너무 치명적인 오류이기에 이 알람만 믿다가는 지각할 수도 있어서 다른 알람 필수입니다^^;,3,2022-11-26T09:31:13-07:00,6.73.3,불편해불편하다고
86,작동안함,;;;안 울림,1,2022-11-25T22:30:04-07:00,6.73.3,호호홓홓하흐오햐
87,왜 안울리냐?,왜 안울리는데?,1,2022-11-25T13:40:17-07:00,6.73.3,주효댕
88,가끔 오류,"알람이 잘 울리다가 가끔씩 소리는 안나고 진동으로만 울리는데
이건 왜 이런거죠?
진동으로 울릴 때 핸드폰 켜서 알림 눌러줘야 그때서야 소리가 나오네요ㅜㅜ",5,2022-11-24T12:30:33-07:00,6.73.3,훙이태
89,아이폰 나만안울리나여...?,저만 울리는 날있고 안울리느날 있고 유료결제도해서 2년째쓰고있는데 최근몇주동안 계속 그러니요...삭제해야하나이걸,3,2022-11-23T15:42:06-07:00,6.73.2,하씽
90,결제,결제유도가 심하다,1,2022-11-23T08:19:40-07:00,6.73.2,안한다고 말했다
91,배터리 사용량 개선좀 해주세요,동일시간 기준 카카오톡 배터리 4퍼센트 사용 알라미 14퍼센트 사용입니다. 백그라운드 관리를 어떻게 하는지는 모르겠지만 차이가 너무 심한거 아닌가요. 안드로이드폰 쓸 때부터 알라미 사용해왔고 오래쓰고 싶어요 매일 아침에 완전 종료했다가 밤되면 또 켜야하고 무음모드에서 저녁에 알라미 못켜고 자면 아찔하네요. 제발 오래 쓸 수 있게 해주세요 배터리 절약모드 이런거 말고 근본적인 해결이 필요합니다,2,2022-11-23T01:33:12-07:00,6.73.2,수정 부탁 드려요
92,..,"아니 이거 앱 좋긴한데,, 내가 맨날 아침에 알람소리 울리면 이 앱을 눈뜨자마자 지우고 다시 잠드는데 이거 맞아?",4,2022-11-22T20:20:34-07:00,6.73.2,ㅋㄱㄲㅋㄱㄲㄲㄱ 뀨
93,선천적 잠탱이에게 필수,"만약 잠을 나눌 수 았다면 얼마나 좋을까요?? 저처럼 잠이 많은 사람들은 잠을 잘 못 자는 불면증이 았는 사람들이게 잠을 나누어 준다면 서로 윈윈인 상황으로 흘려가겠죠? 너무나 많은 잠을 요구한다면 문제가 되겠지만요 어쨌든 제가 하고 싶은 말은 정말 좋은 앱이예요! 유료 결제의 필요성을 아직 느끼지 못하서 무료로 사용하고 있어요 원래는 잠귀가 너무 어두워서 알람을 10분 간격으로 8개씩 맞춰도 늦게 일어나서 맨날 택시 타고 등교했는데요, 이 앱을 사용하고 나서 첫날부터 사이렌 알람소리로 깨서 느긋하게 아침 준비를 할 수 있었어요 제가 사이렌 소리를 좀 무서워하는 편이고 잠 자다가도 사이렌 소리가 나면 벌떡 깼어서 정말 효과적이였어요! 사이렌 소리 말고도 잔잔한 노래들과 자극적인 소리 등 다양한 소리가 많아서 사이렌 소리에 둔감해질 때 다른 소리로 바꿀 수 있는 점이 좋았어요 원래는 수학문제 10문제 푸는 것으로 설정했는데 제가 깨서 문제를 풀어도 다시 눈을 감더라고요 정말 눈만 감은 건데 1시간 반이 훌쩍 지나더라구요 😓 그래서 오늘부터는 사진 찍기 기능을 사용해보려고 해요 효과가 정말 좋을 것 같아요 이렇게 삶을 윤택하게 해주는 앱을 만들어 주셔서 정말 감사합니다 😊",5,2022-11-21T08:42:02-07:00,6.73.2,쏙쏙뽁
94,언어 변경 문의요,"지금까지 한글로 제대로 나왔는데 어느순간 영문만 나오네요..

언어 변경 경로좀요. ㅠ",5,2022-11-21T07:48:22-07:00,6.73.2,파란유성매직
95,알라미 유료결제,알라미 유료결제버튼 누른 적도 유료서비스를 이용한 적도 없습니다 하지만 오늘 아침 7:28분 제 통장에서 돈이 빠져나갔습니다 어찌된 연유인지 알고 싶지만 어디를 통해 이문제를 해결해야할 지 모르겠습니다 이글을 보신다면 연락부탁드립니다,1,2022-11-21T00:50:21-07:00,6.73.2,regén
96,광고 필터링 부탁..,"광고가 ; 뭔 야웹툰 광고가 나오는데 이게 맞나요? 미성년자도 쓸 수 있는 어플인데 ""너무 커서 안 들어가잖아 부끄러우니까 뒤에서 박아 주는 게 좋은 것 같아""라는 문구가 나오는데 시정부탁드립니다..

심지어 이거 의견 보내기류 하려는데 키보드 내려가는 버튼이 없게 인터페이스가 설정되어 있어서 ㅋㅋㅋㅋ 내용 다 써놨는데 다음을 못눌러서 여기다 씁니다 ㅋㅋ 잘 쓰고 있는데 갑자기 저 광고가 너무 불쾌해요",3,2022-11-20T09:35:41-07:00,6.73.2,dnduddlEhdro
97,알람이 안울림,지금까지 계속 그랬음 이번에는 그냥 폰을 꺼버리더라고...? 배터리 53프로에 충전까지하고잤는데 말이됨? 시험 얼마 안남았는데 잠깐 잔 게 아니라 존나자서 큰일남,1,2022-11-19T15:15:30-07:00,6.73.2,ㅓ무느너얼엍
98,무조건 일어날 수 있는 알림앱인듯,랜덤 알림음도 있어서 다 좋은데 혹시 언어를 어떻게 바꾸나요 ㅠㅠㅠㅠㅠ 아예 모르는 언어로 바뀌어서 못바꾸고있어요….,5,2022-11-19T08:11:47-07:00,6.73.2,이 점만 고쳐주세요!
99,삭제반복중..,"매일 알람을 끄지 않고 앱 삭제를 해서 늦잠을 잡니다… 깔았다 지웠다를 계속 반복중입니다…
구독 결제를 해도 소용이 없더군요…….
삭제 방지가 아이폰에선 되지 않는건가요……
알람때문에 삼성폰을 써야하나 고민중임니다……",5,2022-11-19T05:53:41-07:00,6.73.2,난 너무 기여우어어어에엥이
100,ㅋㅋㅋㅋ 미쳤습니까?,오늘 또 안울림 반반차 날아감 ㅋㅋ,1,2022-11-17T19:02:49-07:00,6.73.1,폰 암살자
101,알람이 안울림,"금주만 지각 2번이네요 
구독해지, 삭제합니다",1,2022-11-17T18:11:33-07:00,6.73.1,ㅇㅇㅇㅇㅇㅂㅂ
102,최고,최고,5,2022-11-16T14:06:07-07:00,6.73.0,chaeggo
103,왜 앱을 켜두면 배터리 광탈이 심한가요?,"유독 이 앱을 켜두면 배터리가 빨리 없어지는데
이유가 있는건가요..
13 pro입니다",2,2022-11-15T21:42:11-07:00,6.73.0,치킨피자족발
104,전혀 흔들어지지 않아요,진짜 10분 넘게 했는데 안댐..;;;;,1,2022-11-15T14:32:52-07:00,6.73.0,또예(유튭예정중)
105,알라미 편하네요!,알라미 재미도있고 미리보기하면 알람을리는데 점점 소리가 커지니 좋네요!ㅎㅎ,5,2022-11-14T21:04:03-07:00,6.73.0,알라미 사랑
106,알람이 안울린다,이 앱을 거의 2년은 넘게 사용하고 있는데 요즘 들어 알람이 안울리더라고요.. 여기에 현질도 했어서 계속 쓰고 있었는데 알람이 안울려서 지각한적이 한두번이 아닙니다 이 앱 이제 지우려고요.,2,2022-11-14T14:54:15-07:00,6.72.2,ㅜ첰
107,몇년째 쓰는데 잘 쓰고 있네요,가끔 어플 누르면 어플은 어떤지 평가하는 창이 뜬거같았는데 드디어 남기네 ㅋㅋㅋ 예전에 귀찮아서 건너띄기만 했었던거같은데 갑자기 안내창보고 만든분에 대한 예의와 잘쓰고있었어서 리뷰 5점 남기고갑니다!,5,2022-11-13T15:35:55-07:00,6.72.2,크트츠브즈
108,진짜 좋은,"구독 해서 쓰는데 다른건 모르겠지만 
기상 체크는 진짜 너무 좋아요 잠결에 저도 모르게 
끄고 자는 경우도 많아서 좋음",5,2022-11-13T07:42:48-07:00,6.72.2,FA&CY
109,몇년째 잘 쓰고 있는데 건의드릴게 있어요,몇년째 알람어플은 알라미로 잘 쓰고있습니다 개발자님 감사드려요.. 사진찍는거 없었으면 전 늦잠 여러번 잤을거에요.. 다만 반영이 될진 모르겠지만 좀 개선되었으면 하는 부분이 있어서 건의드리는데요! 알람 끄고서 알라미 어플을 닫지 않을때 화면이 안꺼져서 몇시간째 켜져있어 배터리가 소모되더라고요.. 그리고 음악어플 사용중에 알람이 실행될때 볼륨이 최대치로 올려져서 깜짝 깜짝 놀라요.. 백그라운드 음량이 겹치는 부분이라 어쩔 수 없는건지.. 이 두가지만 빼면 평생 함께할 것 같습니다..,5,2022-11-13T05:01:15-07:00,6.72.2,ykdlqslek
110,두어달 구독했는데,솔직히 구독 비에 비해 별로에요 8500원이 매달 나가는 건데 그걸로 얻을 수 있는 게 적으니까 좀 그렇네요 가격이 4-5천원대였으면 이해라도 하는데 프리미엄 할 필요가 없어서 그냥 다른 어플이랑 이 어플 무료버전 쓰게 되네요,3,2022-11-12T21:13:21-07:00,6.72.2,페린777
111,내가 알람에 종속됨,흠... 좀 .... 너무 알람에게 성격이 있다면 악랄한 수준이에요 뭔가.... 좋긴 좋지만 알람이 너무 지랄맞달까요.... 일어나는데 도움은 줬지만 ....... 너무 무서워져서 그냥 삭제합니다..,2,2022-11-12T19:12:40-07:00,6.72.2,푿두
112,업데이트 이후로 어플 강제 꺼짐,"아이폰이고, 알라미 어플 업데이트 이후로 어플 실행 자체가 안됩니다… 들어가자마자 바로 꺼지네요ㅜㅜ..",2,2022-11-12T11:24:36-07:00,6.72.2,lmk8583
113,굳,아직괜찮아,5,2022-11-12T08:59:04-07:00,6.72.2,애플꾸러기
114,알람,시끄러워서 바로 일어나고 잠금도 풀고 알림 해제 할 수 있어서 바로 일어낫 던 것 같네요,5,2022-11-12T08:02:06-07:00,6.72.2,후우으니
115,소리 조절 안됨,알람 맞추고 유튜브 보고 있을때 알람 울리면 유튜브 소리가 최대치로 올라갑니다.. 놀랄때가 한두번이 아니에요..,1,2022-11-12T07:21:08-07:00,6.72.2,ㄱ솅
116,알람이 안울려요ㅠㅠ,몇년을 성실히 썻던 알람앱인데 오늘 알람이 안울렸네요ㅠㅠㅠ 무음도 아니고 방해금지모드도 아닌데 지각할뻔했네요... 업데이트를 안했다고 알람이 안울릴까요 ?,4,2022-11-10T16:17:20-07:00,6.72.2,보노보노리리
117,큰일남,진짜진짜 너무 좋은데 이제 적응돼서 그냥 알람 울리면 전원 끄거나 앶을 지룸 ㅋㅎㅋㅎㅎㅋㅎㅋ 어떡해ㅠㅠㅠㅠㅍㅍㅍ 그래서 이거 지금 12번째로 다시 까는중임 큐ㅠㅠㅠ,5,2022-11-10T08:48:22-07:00,6.72.2,HJMJAH
118,좋아요,좋아요,5,2022-11-10T00:29:47-07:00,6.72.2,;&/9292&.'ㄴ
119,노래 듣다가 볼륨 울라가는 거,노래나 영상 같은 거 보고있는데 알람 켜지면 소리 너무 코져서 스트레스 개 많이 받음 이 것 좀 고쳐주세요 제발 ㅠㅠ,4,2022-11-09T15:01:41-07:00,6.72.2,오잉?🧐
120,짱,"이거 어플 다운 받았는데 다음날 잘일어남
짱짱",5,2022-11-09T14:32:49-07:00,6.72.2,저나어앙
121,상당히 좋음,다만 난이도가 어려워도 다 하고 자는 내가 문제임,5,2022-11-08T19:58:05-07:00,6.72.2,아오으우우우우악
122,쓰지마세요,알람이 안울려요,1,2022-11-08T14:29:53-07:00,6.72.2,애플연금
123,앱 업데이트 이후 켜지지 않고 크래시납니다,"아이폰 11 프로 iOS 16.1 인데
앱 업데이트를 2주 전인가 하고부터 켜지지 않고 바로 크래시 납니다. 가장 최근 업데이트도 마찬가지네요..",3,2022-11-08T09:16:36-07:00,6.72.2,nuxlear
124,가끔 알람 소리가 안울리는데요,그냥 잠금화면에 앱 알림만 진동오고 작동을 안해요,1,2022-11-08T08:43:42-07:00,6.72.2,머리아깨무릎
125,내가 가장 좋아하는 알람앱,"평소 늦게 일어나던 내게 이 앱은 서서히 나를 일찍 일어나게 해 주었다. 미션을 실천하고 나서도 잔 적도 있긴 하지만, 지금은 규칙적 생활을 하게 도와줬다.",5,2022-11-08T07:46:53-07:00,6.72.2,ilsuh76
126,일일차😴💗✨,"원래 제가 알람은 안 맞추는 스타일인데 
적게 자도 괜찮습니다 
책을 읽고 쇼트 슬리퍼가 되기로 결심해 알람 전에 일어나려 
맞추어 놓았는데,유용합니다!!
아이디어 좋으신 갓 같아요👍😊
아침에 머리를 굴려 잠을 깨워줘서 더 상쾌합니다.감사합니다",5,2022-11-07T14:19:54-07:00,6.72.1,❤️❤️❤️❤️❤️❤️💕💕💕💕💕👍🏼
127,구독한적 진짜 절대없는데 결제됐어요. 환불해주세요.,휴대폰 만지고있지도 않았고 어플도 안켜진 상태였는데 카카오톡 결제알림 메세지 와서 보니까 돈 결제됐대요. 그것도 제일 비싼 요금제로 왔어요. 월요일에 자동이체되어야 하는 돈이었는데 여기서 싹 다 빼갔어여 ㅡㅅㅡ 환불해주세요.,1,2022-11-05T01:30:32-07:00,6.72.1,어플개선좀제발
128,감사합니다,제가 아침에 일어나는게 정말 힘들어서 시험 삼아 프리미엄 무료 체험을 해봤는데 아침에 일어나는게 이렇게 상쾌할 수 있다는 걸 처음 알았어요. 걷기 모드는 제가 실제로 걷는건지 폰만 흔드는 건지도 구별하더라고요 진짜 신기... ㅎㅎ 감사합니다 매달 구독하게 될 것 같아요!ㅋㅋㅋㅋ,5,2022-11-02T14:15:33-07:00,6.72.0,아놔 별명같은 소리하네
129,실수로 프리미엄결제,1분만에 ㅇ취소했어요 환불해주세여,2,2022-11-02T10:27:48-07:00,6.72.0,자다처철
130,제발요,아아아아이어ㅏㅇ아 잔짜 제잘 겨우쓰지마세요ㅜ이것땨먀ㅜ재각마누몇번,1,2022-11-02T01:21:57-07:00,6.72.0,금호동 빨레판
131,알람 바코드 스캔 꼭 써보세요,덕분에 일어나는 건 정말 문자 없습니다,5,2022-11-01T14:02:06-07:00,6.72.0,HOBAKYUT
132,아이폰 16업데이트 이후,"알람 안울림적이 너무많아 출근지장 생긴게 한두번이 아닙니다
프리미엄 구독 까지 했는데 11/9일에 종료돼서
구독 취소까지 했습니다 아쉽습니다
그동안 잘썼는데 이후로 계속 이러니 쓸수가 없네요",1,2022-11-01T12:25:25-07:00,6.72.0,1019361112
133,미션이안떠요,원래 잘울리다가 갑자기 며칠전부터 상단바로 알람 울리고 있다고 알려주고 앱 들어가보면 미션은 안뜨고 벨소리만 하염없이 울리고있네요.. 도대체왜이러는거죠..,2,2022-10-31T09:23:55-07:00,6.71.0,지성이애미
134,오래 썼는데,아이폰으로 바꾼 이후로 종종 알람이 안울려요 .. 스케줄 말아먹고 지웁니다ㅜ,3,2022-10-30T21:38:45-07:00,6.71.0,jsmnemwa
135,미디어 볼륨 사용 건,"정말 좋은 어플이라 안드로이드에서 애플 넘어오면서도 계속 잘 쓰고 있는데 알람 볼륨이 아닌 미디어 볼륨을 사용하는 것 때문에 불편이 좀 있네요.
다른 분 리뷰에도 비슷한 내용이 있던데, 실수로 활동시간에 맞춰진 알람이 이어폰으로 듣고 있던 음악이나 동영상 소리 같은 미디어가 정지되지 않고 그대로 스피커로 전환돼서 울려퍼지고 (소리도 못 줄이는 상태로) 몇 초 후에 알라미가 떠서 아무것도 못 하고 사운드가 방샌되는ㅠㅠ 현상이 종종 발생하네요. ㅠㅠ 최소한 미디어를 스피커로 전환하기 전부터 알라미의 알람소리를 틀고 스피커로 전환하는 방식으로... 개선할 수는 없을까요? 그 부분만 제외하면 잘 쓰고 있습니다...",4,2022-10-30T18:18:34-07:00,6.71.0,424242in
136,안람 안울리는 버그,"오래사용한 유저음
최근 가끔 알람이 안울리고 진동만 되는 경우가 있음 이건 단 한번만 발생해도 참사 수준이됨
알람이 안울릴까 불안한 알람앱이 뭔 의미가 있나",1,2022-10-30T17:24:32-07:00,6.71.0,세컨드컵
137,출근할 때 알람울리면 듣고 있던 노래 강제 전체공개됨,"못일어날까봐 여러개 알람 맞춰둠
앞에 알람을 듣고 일어나서 출근준비함
그 이후 알람들은 까먹고 off하지 않았음

아무 생각없이 유튜브 보면서 출근함
Off해두지 않았던 알람들 갑자기 울리면서
유튜브 뭐 듣는지 겁나 크게 전체공개됨
그와중에 정작 알람소리는 개작음
그와중에 화면은 여전히 유튜브임
알람 울리는 화면은 또 내가 찾아야함
알람도 아니고 유튭노래 겁나 크게 들려서
당황스러운데 유튭화면 위에 알람화면이 뜨지도 않음
내가 허우적거리면서 알라미 찾으면
그제서야 알람울리는 화면&중지버튼 올라옴

겨우 알람 끄고 나면 유튜브는 또 중지되어있음
또 유튜브 화면 들어가서 내가 재생 눌러야함

이 부분이 진짜 상당히 불편하고 짜증나고 화나요
이런 불편함이 있다는걸 인지를 하고는 있는건지 궁금합니다 아예 모르는건지 아니면 인지는 하고 있으나 별다른 방법이 없어 연구중인건지 뭔지 암튼 짜증나요",1,2022-10-28T19:09:08-07:00,6.71.0,하끙깡
138,"알람을 끄게 해주세요,,","사진찍기로 알람을 끄게 설정을 했는데 2~3일에 한 번씩 사진을 찍기를 누르면 카메라 화면이 90도 꺾여 있고 카메라도 평상시보다 느려져 찍을 수가 없어 알람을 끌 수가 없어 사람을 미치게 만듭니다,,",2,2022-10-28T16:46:25-07:00,6.71.0,지나간시민
139,안녕하세요,제가 결제한 기억이 없는데 오늘 새벽에 결제가 됐는데 이럴수가 있는건가요...?,5,2022-10-25T16:11:12-07:00,6.71.0,ajwnwnkwsz
140,알람이 안 울려요,하,1,2022-10-25T16:05:49-07:00,6.71.0,yjtree
141,좋아요’,알라미 덕분에 원하는 시간에 기상할 수 있어서 편하고 좋아요 다만 아이폰의 경우에는 어플을 끌 수 없고 하루종일 켜놔야 알람이 울리더라구요 이 부분이  개선됐으면 좋겠어요!,4,2022-10-24T18:05:52-07:00,6.71.0,high267
142,몇년째 쓰고있는 알람 최고 어플이지만 성인광고는 ..,"알람 맞추는데 알람 사이에 
‘한번 대주면 영상은 지워줄게요‘라는 문구가 있어서
너무 놀랐어요 성인 웹툰 광고인 것 같은데 너무 수위가 높은 거 아닌가요 
너무 놀랐어요 광고 가려서 넣어주시면 좋겠습니다..",5,2022-10-24T08:00:32-07:00,6.71.0,프레임고정풀어주세요
143,효과는 짱임,"아침에 음악소리 겁나 크게 들려서 벌떡 일어났는데
알람소리를 줄일수도 없어서 설정해놓은 미션 하기 전 까지 소리가 쩌렁쩌렁 울려서 가족들까지 깰까봐
자동으로 몸이 급해져서 미션 끝내고 일어나짐
👍",5,2022-10-24T06:54:05-07:00,6.71.0,theogame23
144,7년 정도 썼음,고등학생 때부터 꾸준하게 써오던 알람어플이었는데 최근들어 백그라운드에 없으면 울리지도 않더라구요 원래 백그라운드에 없어도 잘만 울렸는데 무의식적으로 백그라운드에서 없애버리는데 이거 신경쓰기 귀찮고 핸드폰 무음해놓으면 안울리는 시스템 때문에 삭제합니다 근래들어 열흘이나 안울렸으면 할 말 다했지 뭐 애정하던 어플이었는데 업데이트를 거지같이 했는지 어쨌는지 무쓸모 되어버림 ㅂㅇ,1,2022-10-23T18:15:03-07:00,6.71.0,버우아아
145,진짜배터리,백그라운드 배터리소모량 선넘네요 아침까지 혼자 배터리를 얼마나 잡아먹는지;; 요새는 낮동안 끄고 밤에만 켜는데 아침마다 다 닳아있는 배터리 보기 싫어서 그만 쓰기로 함,1,2022-10-23T14:32:49-07:00,6.71.0,Wkojwkx
146,배터리 소모가 심각해요.,핸드폰 바꾼지 이주정도인데 배터리가 이상하게 빨리 줄어들어서 확인해보니 알라미가 배터리 소모 압도적인 1등이네요. 자고 일어나서 바로 확인한게 아니라 주말 하루종일 폰 사용하고 봤는데 30%가 넘었어요. 이게 말이 되는건지 모르겠어요.,1,2022-10-23T00:32:22-07:00,6.71.0,하햐허혀호효후휴
147,요즘들어 알람이 아예 안 울리네요,아침에 늦게 일어나보면 알람 울린 흔적도 꺼진 흔적도 없더라고요 ^^... 저만 그런줄 알았는데 후기 보니까 아니네요 ^^ 지울게요,1,2022-10-22T17:26:33-07:00,6.71.0,kyeong.hi
148,???왜 갑자기 중국어로 뜨는건가요,일체 중국어 관련 없는 사람인데 갑자기 내용도 알람도 중국어로 뜨네요.. 황당스...,5,2022-10-22T09:59:54-07:00,6.71.0,mimmimtj
149,백그라운드에서 실행중인데도,미션 후 다시알림이 안울리고 다시 잠든걸로 돼서 미션 다시 시작..ㅜㅜ 간간이 이러는데 그럴때마다 지웠다 다시까는거 넘 불편함;,3,2022-10-21T17:56:05-07:00,6.71.0,뀨오오오옹
150,백그라운드에서 배터리 ㅈㄴ잡아먹음,자고일어나까 폰꺼져있음 ㅋㅋㅋㅋㅋㅋㅋ,1,2022-10-21T01:13:05-07:00,6.71.0,큰개
151,흔들기 인식이 안돼요,흔들기 인식이 안되어서 알람 끄려면 어플자체를 삭제해야합니다 ㅠㅠ,1,2022-10-19T17:10:08-07:00,6.71.0,스탑수다
152,광고 필터링,유해한 광고 필터링 좀 해주세요 들어가기가 불쾌해지는 광고가 떠서 당황스럽네요,3,2022-10-19T11:33:44-07:00,6.71.0,seuksakk
153,강추하는 앱 !!,"알람 소리도 다양하고 아침 미션(수학문제, 사진찍기 등등) 다양해요 ! 저는 아침에 일어났을 때 간단한 수학문제를 풀고 일어나니깐 일어나는데 도움을 주는 것 같아서 앞으로도 자주 이용할 것 같은 앱 입니다 ❤️❤️",5,2022-10-19T07:16:30-07:00,6.71.0,시랑짱
154,한 기능만 추가해주시면 감사하겠습니다,"해당 앱을 핸드폰 바꾸기 전부터 애용해왔는데 아이폰에서도 잘 쓰고 있어 이제서야 리뷰를 남깁니다. 안드로이드에서 쓸때부터 원하는 기능이 있어 남깁니다.
현재 정렬 방식이 시간순인 것으로 알고 있습니다. 전 매일 요일별로 일어나야 하는 시간이 달라 이 정렬방식이 너무나도 불편합니다.. 혹시 가능하다면 요일별 정렬방식을 추가해주시거나 그룹핑기능을 넣어주신다면 정말 감사할듯싶습니다.
이 외에서는 정말 만족하며 사용하고 있습니다 감사합니다",5,2022-10-19T02:27:04-07:00,6.71.0,JH111223
155,왜 안울리나요 알람이..,백그라운드 종료 안했는데도 무음 모드 해놨다고 알람이 안 울려요 두 차례나요.. 알바 지각하고 오늘은 수업도 지각하게 생겼네요.. 삭제합니다,1,2022-10-18T17:38:28-07:00,6.71.0,함상규
156,심각한 버그가 있습니다 고쳐주세요,알람이 울릴때 전화가 오면 알람이 자동으로 진동으로 바뀌어 버리는 버그가 있습니다.. 진동이라 깨지도 못하고 알람이 무용지물이 돼버립니다. 이부분만 수정되면 갓어플 맞습니다.,4,2022-10-18T09:53:56-07:00,6.71.0,eishfvbckcodns
157,",,",알람이 왜 안울리는지모르겠네요 분명 맞춰뒀는데 울리 지도 않구 깨니까 진동으로 울리더라고요? 그래서 제가 잘못 설정한건가 했는데 다 잘되어 있는데 왜 이러죠? 제가 알람없으면 못일어나는데 이앱만 하면 안울려서 지각한적도 많구요. 오늘도 안울렸네요?,1,2022-10-18T09:12:19-07:00,6.71.0,슈퍼흰둥이
158,어이가없네요,백그라운드에서 배터리를 엄청나게 잡아먹어 가끔 폰이 배터리가 없어 꺼져버리다니 결국 오늘 시험치러 못갔습니다. 감사합니다 다시는 알라미 안쓸려구요,1,2022-10-17T19:41:43-07:00,6.71.0,kinkinuzun
159,덕분에 지각했네요,"알람 하나도 안울려서 지각했습니다. 정말 화나네요. 
이제 다시 아이폰 기본 알람 어플 쓰려고요. 이 어플 다시는 안씁니다.",1,2022-10-17T18:21:17-07:00,6.71.0,Kobihjufuryv
160,신뢰를 잃은 알람 어플리케이션,"첫번째 알람이 울리지 않았을때
여자친구와의 약속을 세시간이나 늦었고

두번째 알람이 울리지 않았을때
회사에 두시간 지각했습니다.

알람 어플리케이션은 보통 무한한 신뢰로 사용하게 되는데
더이상 이 어플리케이션을 신뢰 할 수 없어요.
무려 1년 구독까지 사용중인데 말에에요.

안타깝지만 다시 기본 알람앱으로 돌아갑니다😇",1,2022-10-17T18:15:01-07:00,6.71.0,왜씀
161,노래 선택 안됨,노래 선택만 하려고 하면 창이 닫겨요 ㅠ,3,2022-10-17T10:14:20-07:00,6.71.0,혜민니닌
162,유료결제 취소 부탁드립니다ㅠㅠㅠㅠ,"71000원이 결제되었어요. 취소부탁드려요
유료 구독한지도 모르고 한번도 안써봤는데 갑자기 돈이 나가서 당황스럽네요.... 아이폰 어플스토어에서 구독취소는 눌렀는데 결제취소가 안돼요ㅠㅠㅠㅠㅠㅠ",5,2022-10-17T07:52:04-07:00,6.71.0,오류제발고쳐주세효
163,이만한 알람앱 없음,매일 아침마다 개빡쳐서 일어남,5,2022-10-17T00:32:32-07:00,6.70.0,뿌엥잉엥
164,👍👍👍,"조아요 
제가 방학에는 끝도없이 퍼자서 나중엔 알람소리가 안들이거든요.. 근데 미션도 있고 계속 울려주니까 너무 좋습니다 방학 끝나도 계속 잘쓰고 있어요! 중요한 날에는 더더욱.. 넘 좋습니다 많아 버세요 🤭😆😆",4,2022-10-16T07:51:58-07:00,6.70.0,별명한번짓기힘드네뭐이리겹치는게많아그래두괜차낭
165,좋아요!,약 삼년을 이 앱을 이용했네요…이젠 알라미가 제 일상의 한 부분이 되었습니다. 오랫동안 계속 쓰고 싶어요.,5,2022-10-14T09:58:32-07:00,6.70.0,빕빕00
166,백그라운드 배터리 소모,자고 일어나면 배터리가 15프로 정도 떨어지길래 백그라운드 실행 앱을 봤는데 이 어플이 100퍼센트였고 삭제한 지금은 1프로 가령 떨어지네요,1,2022-10-13T16:19:01-07:00,6.70.0,bbodde
167,잘 쓰고 있어요,"귀가 어두운 편인데 “시끄러운 알람 1”로 항상
최대치로 설정해놓은 후부터 항상 알람 소리 듣고
벌떡벌떡 깹니다 다양한 알람음도 많고 좋아서
정말 잘 사용하고 있어요 이젠 이 알람앱말고
다른 앱 쓰면 잘 못 일어날정도로..👍",5,2022-10-13T06:30:39-07:00,6.70.0,예진제스 예동이제동이
168,알라미 기본 알람,두개 동시에 예를 들면 7:30에 두개 맞춰 놓으면 알라미 알림 안 울리나요!? 몇 번 그랬던 것 같아서요,5,2022-10-13T00:24:32-07:00,6.70.0,이영민-----
169,최고… 정말… 최고…,"내 인생을 걸고 이제껏 사용한 모든 앱 중에 이 앱을 이길만한 건 없습니다
이 앱 쓴지 이제 한 이 주 됐는데 단 한번도 5시 기상을 놓친 적이없네요 덕분에 갓생살게 됨. 미라클 모닝 최고다 진짜…
프리미엄 안 하실 분들은 사진미션으로 화장실 해두면 절대 다시 못 잠
아 너무 좋아요ㅠㅠ 평생 운영했으면 좋겠다…
내 일생에 남은 아침들을 전부 책임져주세요",5,2022-10-12T09:07:20-07:00,6.70.0,아니 뭐 다 사용 중이래
170,정말 좋아요 그런데..,저는 앱을 지우고 다시 자는데 정상인가요?,5,2022-10-12T08:01:50-07:00,6.70.0,좋아요요요요용요ㅛㅇ
171,알라미 ㅆㅡ빨럼이,"자기 전에 앱 켰는데 개씨ㅂ새가 안울리냐 ㅆ빌럼 니때문에 여럿 지각했다 아 ㅋㅋㅋㅋㅋㅋㅋㅋ
요즘왜이렇게 그지같지? 안써 드러워서",1,2022-10-08T15:54:08-07:00,6.70.0,렌버
172,자기 혼자 언어 설정이 바뀌었어요,무슨 언어인지도 모르겠어서 다시 한국어로 바꿀 수도 없어요;;,3,2022-10-07T16:47:59-07:00,6.70.0,wlsl24
173,사진 찍기 미션 피드백,예전에 만들어놨던 사진 미션 알람 실수로 켰는데 절대 못 끄고 사진을 어떻게든 똑같이 찍어야함. 근데 찍을 수 있을리가 1년전에 설정해둔 알람인데. 그래서 걍 앱을 지울 수 밖에 없었음 어떻게 재설정할 방법 하나 없냐 진짜 화나서 안쓰려함 이제,1,2022-10-06T16:29:57-07:00,6.70.0,이거 진짠가?
174,겁나 시끄러워서 좋아요👍🏻👍🏻😭,"근데 인간은 적응의 동물이라고 하죠… 
일어나자마자 잠결에 앱 삭세하고 
다음 날에 다시 깔고 반복입니다ㅋㅋㅋ큐ㅠㅠ",5,2022-10-05T05:14:24-07:00,6.69.1,_포
175,무음해도 알람 울리게해주세요,가끔 무음해두고 잠들때 있는데 그때 알라미 앱도 안울려버려서 다음날 다 망칩니다 ......,2,2022-10-04T16:06:22-07:00,6.69.1,절레절레미안미안
176,:),"알람 녹음 시간 한 3분 으로 분량 늘었으면 좋겠어요 
녹음 하다가 30초쯤 끊겨서 아쉬움,,,,",4,2022-10-04T08:21:37-07:00,6.69.1,nyj023738291&2738&2
177,배터리..;;,이거 자는동안 백그라운드로 배터리 40퍼나 먹음;;,2,2022-10-03T18:40:29-07:00,6.69.1,다다아리
178,구독 했는데 알람 안울림,구독 하기 전에는 잘만 울리던 알람이 구독하고 나니까 배너 알림 딱 한줄만 뜨고 미션이고 뭐고 아무것도 안됨ㅋㅋ 장난하세요? 알림 다 켜놨고 앱도 안끄고 심지어 하도 안울려서 좀 울리라고 화면도 켜놓고 충전기 꽂고 자는데도 안울려ㅋㅋ 진짜 돈 처받고 뭐하는건지 쓰레기 앱임 절대 구독하지 말고 그냥 무료만 뽑아먹으세요 안그래도 광고 개많은데 ㅉ,1,2022-10-03T18:22:48-07:00,6.69.1,ㅆㄴㄱ
179,최고의 알람어플!!,이 어플로는 일어나서 다시 잘 지언정 못일어나는 적은 단 한번도 없었다!!!,5,2022-10-03T18:04:03-07:00,6.69.1,잘만들어라
180,ios16 업데이트 이후 앱실행안됨,확인부탁,5,2022-10-03T16:39:19-07:00,6.69.1,검사모갓겜
181,배터리 이슈,"오랬동안 사용했는데 어느날 15%에서 잤음에도 불구하고 폰이 꺼져있어서 실험을 해보니까 자는사이에 이 어플이 10%넘게 먹고있더라구요 지우니까 자기전 배터리 상태 그대로 였구요 지금은 절전모드로 써보고있는데 괜찮은 것 같아요, 그래서 배터리 이슈 픽스되면 별점은 고쳐드릴게여",1,2022-10-03T16:21:22-07:00,6.69.1,collin melly ender
182,스쿼트,"1년이 넘게 구독해가며 잘 쓰고 있는 어플입니다. 
얼마전부터 스쿼트 모드에서 자꾸만 카운팅 차감이 안되어 스트레스 받고 있습니다.
카운팅 차감 뿐만 아니라 양 손가락으로 기기를 잡고 팔꿈치를 붙이는 자세부터 인식이 잘 안됩니다.
카운팅 차감이 안되면 무한 알람 속에 갇히고 어플을 삭제했다가 다시 다운 받아야해요;;
오류 확인 부탁드립니다 ^^",3,2022-10-03T14:43:49-07:00,6.69.1,후 ㅋㅋ
183,컷,컷,5,2022-10-03T10:43:43-07:00,6.69.1,아니이거 실환가
184,업데이트하니까 튕겨요,ㅈㄱㄴ,3,2022-10-03T07:57:05-07:00,6.69.1,쿠키런2222
185,알람 안 울려요,그래서 학교 못감 ^^.. 제가 못들은 줄,1,2022-10-03T04:34:31-07:00,6.69.1,수수ㅜㅁ
186,업데이트 하면서 앱이 안 들어가져요,"업데이트 하면서 앱이 아예 안 들어가져요
버그가 너무 심하네요",1,2022-10-02T19:17:11-07:00,6.69.1,boboling__
187,근 5년정도 잘 사용했는데,배터리 소모가 너무 심한 것 같아서 알라미 어플말고 다른 알람을 맞췄더니 배터리가 하나도 안 줄더라고요... 다른 어플 다 꺼놓고 알라미만 켜둬도 10%는 거뜬하게 줄어듭니다.,2,2022-10-01T12:42:01-07:00,6.69.1,fsuh56
188,알람이 안울려요,"예전부터 쓰던 앱인데 오늘 알람이 안 울려서 중요한 시험 못 볼 뻔했습니다,, 결국 20분 늦게 시험 들어가서 망했네요",1,2022-09-30T23:21:26-07:00,6.69.1,skfkkfkez
189,좋은데요…,사진 찍는 미션했는데 계속 다른사진이래요 구도까지 맞춰서 계속 찍었는데도 알람 계속 울려서 지웠다가 다시 깔아요,5,2022-09-30T16:44:35-07:00,6.69.1,은밀한유저
190,사진찍으려고 하면 사진안찍고 알람 종료됨,왜이러나요?,5,2022-09-28T16:36:48-07:00,6.69.1,233627
191,흔들어깨우기 오류,"ㅈ진짜 x나 흔드는데 안꺼짐..
혹시나해서 아이폰 실행취서 흔들기랬는데 그건 되는데 알람이 안꺼져요..",3,2022-09-28T15:19:44-07:00,6.69.1,튜바밥
192,배터리 소모 개선시급,"안드에서 수년간 편하게 사용하다가
ios로 넘어온 뒤 사용하는데
앱정리를 하면 다시 켜줘야 작동하는 점과
백그라운드 배터리 소모가 어마어마하다는 점이
삭제하게 만든 요인이네요.

배터리 관련 로직 변경 후 소모율 낮아지면
다시 이용하도록 하겠습니다!",2,2022-09-27T11:55:25-07:00,6.69.1,슴맘줴
193,와씨,고딩때부터 쭉 쓰던건데 요즘 안 울려서 내가 못 듣고 그냥 잔건가 나 자신을 의심했었음 오늘도 못 듣고 지각할 뻔 해서 개빨리 준비했는데 이게 나만 그런 게 아니었다니.. 내 귀가 문제인 줄 알았는데 진짜 안 울리는거였다니... 충격이다 이제 지움 ㅃ,1,2022-09-26T15:41:40-07:00,6.69.1,mbvxunenwkakh
194,배터리 소모 못고쳐요? 아직도?,"뭐 그냥 있어도 배터리는 원래 닳는 건데 알라미가 켜져있어서 그렇게 보이는 거라는 둥 복붙 답변할거면 하지도 마세요

모든 앱 포함 백그라운드에서 끄고 아무것도 안건드리고 몇시간 놔뒀을때랑, 이 앱만 백그라운드 유지중으로 뒀을 때랑 배터리 소모 천지차이입니다. 진짜 어쩌다 아침에 까먹고 백그라운드에서 안까면 점심만 되어도 배터리 절반은 잡아먹음 ㅎㅎ... 
진짜 아이폰 기본 알람 기능이 부실하고, 아직 대체품을 못찾아 울며 겨자먹기로 쓰지만 진짜 배터리... 개발자라면 이거 뻔히 알텐데 눈막귀막 하는건지 원",2,2022-09-26T02:10:05-07:00,6.69.1,LionHeart0412
195,앱을 들어가도 튕겨져요,"개선 좀 해주세요
어떻게 해야 하나요",3,2022-09-25T10:06:30-07:00,6.69.1,beautyssss
196,진짜좋은데 적응해버렸음,"이걸 막 깔았을때는 호딱호딱 잘 일낫는데 지금은 적응돼서 눈감고 미션하고 도로 자버려여…
잠꾸러기girl~",5,2022-09-24T21:37:37-07:00,6.69.1,밥빙기
197,사진 찍기가 안돼요,저만 그런가요..? 사진 찍기로 해뒀는데 알람은 울리고 사진 찍기 눌러도 아무 변화가 없고.. 버튼 연타했더니 알람은 그냥 꺼져버리고..,2,2022-09-23T22:08:58-07:00,6.69.1,푸앙항
198,아이폰 유저는 이만 하차합니다,"유로로 어플을 잘 안쓰는 편인데, 알리미는 정말 도움이 많이 돼서 돈을 지불했어요. 근데 업데이트 때마다 오히려 기능에 문제가 생기는 것 같아 너무 아쉽습니다. 최근 문제제기를 한 다른 분들과 비슷한 문제인데요. 1. 알리미를 백그라운드에 켜놨음에도 울리지 않아서 낭패를 본 일 - 이후 화면 자동 꺼짐을 풀어버리고 알리미를 띄운 상태로 밤새 충전시켜놓고 있어야만 불안하지 않습니다. 어쩌다 화면을 끄고 자야하면 불안해서 미밴드, 아날로그 자명종의 알람까지 켜두고요. 죄송하지만 요즘 들어서는 미밴드가 오히려 믿을만합니다. 2. 수학문제 풀기를 3문제로 맞춰놨는데, 계속해서 새로운 문제를 풀라고 함 - 어떤 분 보니까 50문제도 넘게 푸셨다고 하는데, 저는 그 정도의 인내심이 없어서 8문제 정도 풀다가 삭제해버렸어요. 다시 깔기야 깔았는데, 오랜만에 알리미 덕분에 정신이 번쩍 들었네요. 열받아서요..^^ 만약 이 어플이 알람 어플이 아니었다면 지금보다는 관대했을 테지만, 스마트폰에만 의지하는 요즘 사람들에게 알람의 오류는 굉장히 예민할 수 밖에 없습니다. 하루의 시작이 알람과 함께니까요. 좋은 어플 만들어주셔서 그동안 정말 잘 썼습니다. 빠른 시일 내에 오류가 수정되지 않으면 아마도 저는 다른 어플을 찾지 않을까 싶어요. 계속해서 불안하기는 싫으니까요. 유료로 산 거라 아깝기는 하지만요.. 아무튼, 요즘 문제되는 것들을 고치시고 꼭 다시 많은 사람들에게 도움되는 어플이 되면 좋겠습니다. 감사합니다.

———————————————————

오늘 직장에 2시간 지각하고 이만 떠납니다",1,2022-09-23T02:10:22-07:00,6.69.1,포호ㅕㅕㅓㅜ
199,ios업데이트이후 안울림,"정말 잘 쓰고 있었는데 ios16 업데이트 이후 알람이 안울립니다…😭
그리고 업데이트 했으면 뭐 업데이트 했는지 버전기록에 좀 적어주세요… ios 16 지원하도록 업데이트 됐는지 알 수가 없네. 일단 자보고 못일어나면 알아서 해야하나요?!😈",3,2022-09-22T21:44:21-07:00,6.69.1,conbrio7
200,왜안울림,"아이폰 쓰는데 왜 알림 안울리는건가요…
갑자기 오늘 안울림..",3,2022-09-22T16:07:44-07:00,6.69.0,외않울려
201,알람이 안 울립니다.,ios 업데이트 후 알람이 안 울립니다. 유로로 잘 사용하던 앱인데 속상하네요.,2,2022-09-22T10:28:36-07:00,6.69.0,으깬아보카도
202,iOS16 대응안해요?,최근에 알림은울려서 곤란한적이 많았는데 OS때문이었나보네요..하..알림앱이 알림이안울리다니..,5,2022-09-21T16:19:22-07:00,6.69.0,홍대고등어
203,알람 안꺼짐,"30번 흔들어야 알람 꺼지게 설정해놨는데 아무리 흔들어도 카운팅이 안되어서 결국 앱 삭제했습니다
흔들기 강도도 보통으로 설정했는데 왜 이러는건가요?",2,2022-09-21T14:59:45-07:00,6.69.0,",,.,,.,,.,,.,,.,,.,,.,,."
204,알람이 안울려요,이 어플만 3년동안 썼는데 이상하네요.. 이제 불안해서 못 쓰겠어요,1,2022-09-20T16:40:47-07:00,6.69.0,English breakslow
205,잠만보 지각 없애기 유용,"잠이 워낙 많고 알람소리도 잘 못듣는대 이상하게 이 알람은 소리를 잘 들어요
듣고 끄고 다시 자는게 아니라 바코드로 바다워시를 찍어놨더니 끌려고 꾸역꾸역 일어나서 바코드 찍어서 끄니까 어쩔 수 없이 일어나고 그 김에 씻으니까 지각이 없습니다
개꿀 어플",5,2022-09-20T15:53:34-07:00,6.69.0,핝
206,알람 끄고 난 후 뉴스들 수정기능은 없나요?,"조중동만 메인으로 걸려서 보기 좀 껄끄러운데, 신문사를 수정 할 수는 없는지, 그 기능 추가는 안되는지 궁금합니다.",3,2022-09-20T12:06:45-07:00,6.69.0,N:-1011
207,이 앱 때문에 배터리 용량이 쭉쭉 떨어지는 걸 이제 알았네요,핸드폰 하루 종일 써도 안 닳던 배터리가 자고 일어나면 20 30씩 닳아있고 이주일만에 배터리용량이 2퍼가 떨어지고 아주 난리부르스길래 왠지 봤더니 이 앱이 최근 10일간 실제 실행 56분 백그라운드 61시간 34분ㅋㅋㅋㅋㅋㅋ 미쳤나요? 진짜ㅋㅋㅋㅋ어이가 없어서 말도 안 나와요 진짜 쓰레기앱 깔지마세요 제발,1,2022-09-20T05:46:08-07:00,6.69.0,웅냥냥웅냥웅
208,절대 쓰지마세요,"백그라운드에서 21시간동안 50%을 처먹음 ㅋㅋㅋ
어쩐지 하루도 못가더라",1,2022-09-20T01:08:30-07:00,6.69.0,롤창련
209,배터리먹는 괴물,다좋은데 이거 백그라운드 켜놓으면 배터리 호로록,4,2022-09-19T23:40:01-07:00,6.69.0,잉ㅇ익
210,알람앱이 알람을 안 울리면 어카나요,저 일어난 시간에 맞춰둔 적도 없는데 늦잠자서 허둥지둥 폰 잡으니까 그 때서야 울리네요 누구 놀리나…^^,1,2022-09-19T17:29:57-07:00,6.69.0,으이느닐ㅈ루잭ㄹㅁㄱㄹㅂ
211,어플을 들어가면 갑자기 알람이 켜져요,잘쓰고 있긴한데 저번에 밖에서 잠깐 어플들어갔늠데 어플 들어가자마자 제가 맞추지도 않은 알람이 울려요 그래서 그 시간대에 알람을 맞췄나 확인해보니까 정말로 제가 그 시간에 알람을 맞춘적이 없더라고요 버그인가요..,2,2022-09-19T09:52:24-07:00,6.69.0,호히허하
212,알람삭제,"어렵게 알람을 끄도록 성정을 해도

아침에 일나면 어플을 삭제해버리는 방법으로

알람을 끈는데 삭제도 못하게 막게 해주실수 있나요?",5,2022-09-18T16:32:06-07:00,6.69.0,안싸큰
213,사용하기 젤 편함,간편하고 좋음,5,2022-09-18T06:04:17-07:00,6.69.0,목휘
214,흔들기 알림 안 꺼져요;;,흔들기가 잘 되다가 오늘 안꺼지는데 결국 앱 지웠다가 다시 깜;; 오류수정좀요,4,2022-09-17T20:33:21-07:00,6.69.0,화로냥이..
215,ios 업데이트 후 알람 안울림..,"정확히 ios업데이트 이후인지는 모르겠지만 
안울리네요
시간이 지나면 소리가 바뀌면서
 커지는것으로 설정 해놨는데
테스트 해보니 시간이 지나면서 무음으로 바뀌네요",5,2022-09-17T19:36:51-07:00,6.69.0,야옹아멍멍하자
216,그냥 기본알람쓰자,배터리 성능상태가 89%인데도 출근해서 하루를 못가길래 혹시나 하고 배터리 사용량 봤는데 기겁하는 줄. 실제 어플실행시간은 1분 미만인데 백그라운드에서 21시간 실행된거 보고 눈을 의심함 시간 잘 못 본줄 알고ㅋㅋ 삭제함,1,2022-09-17T06:13:02-07:00,6.69.0,니은디귿리을
217,켜진 알람 모아보기 기능,알람을 몇십개씩 맞춰두는 사람인데.. 켜진 알람 모아두기 기능 또는 일괄 삭제 기능이 있었으면 졸겠어요ㅜㅜ 앱 너무 잘 쓰고 있습니다,5,2022-09-15T13:22:03-07:00,6.69.0,주야앙
218,진짜 오래쓰던 알람이예요..,"정말 몇년동안 유용하게 쓰던 알람이예요!
그런데 아이폰으로 이번에 갈아타고나서 무음모드에선 안울리는걸 경험하고 이제 아이폰 기본 알람에 기대어야 하는 현실이 와버렸어요 ㅠㅠ..
진짜 내가 오늘 지각하고 개빡쳐서 내년에라도 갤럭시로 다시 가고 만다!!!!!!!!
아이폰 쓸 동안만 잠시 안녕…ㅠㅠㅠㅠㅠ",5,2022-09-15T03:30:19-07:00,6.68.1,지각환자
219,너무 잘 쓰고 있어요 다만,ios16 업데이트 이후 알람이 안 울려요 어떻게 하면 좋을까요,5,2022-09-14T14:58:10-07:00,6.68.1,haeyr
220,알람이 안 울려요,너무 당황스러워요... 꼭 중요한 약속이 있었는데 못 나갈 뻔 했네요;;; 제발 고쳐주세요ㅠㅠㅠㅠ,1,2022-09-14T09:51:48-07:00,6.68.1,아이 뻐쁠 정꾸
221,알람이 안 울리면 어쩝니까,"수험생이라 수면시간관리 중요해서 2년째 잘 쓰고 있었는데요 2주 전까지만 해도 매일 잘만 울리더니 갑자기 며칠 째 계속 안 울려서 덕분에 계속 오후 다 돼서 일어났네요

아니 꾸준히 안 울리든가.. 지 맘대로 언젠 울리고 언젠 안 울리고 어쩌란 겁니까 알람앱이잖아요.. 알람앱이 안 울리면 어떡해요 자꾸 소리 없이 알림창에 알림만 쏟아져나오는데 자고 있는 사람이 어떻게 압니까..

오류 수정해주세요",1,2022-09-12T18:59:31-07:00,6.68.1,인해꿍
222,알람 안 울리네 ㅋㅋㅋㅋ,"삭제할란다 개 쓰레기 어플 니들 믿고 쓰다가
중요한 거래처 약속 못 지켰네 
덕분에 12시간 쳐 잤다~",1,2022-09-11T21:42:17-07:00,6.68.1,서울 배달랭킹 1위
223,알람,"분명 오전 7시에 알람을 해놨는데 안울리네요..? 혹시 오후로 해놨나 무음으로 했나 다시 한 번 확인 했는데 전혀 이상 없었습니다
덕분에 2시간 늦었네요;;",3,2022-09-09T16:55:03-07:00,6.68.1,존내빡침
224,어플 삭제,좋아요 좋은데… 자꾸 나새끼가 아침에 흔들기 귀찮아서 어플을 지웁니다….. 어플 안지울수 있도록 약간 어플을 못나가게 한다던가 그런 기능이 있었으면 하는ㅠㅠ 리뷰보면 다들 저같은 짓은 안하는것같은데 네 하지마세요,4,2022-09-07T12:34:33-07:00,6.68.1,invsarah
225,이 어플 진짜 악마임. 근데 효과는 오짐.,"제일 간단해보이는 기억력 게임으로 설정하고 며칠 써봤는데 진짜 개빡치네요 
처음엔 자다깨서 기억도 못하겠고 비몽사몽인데 알람소리는 졸라커서 폰을 끄고 잤습니다

두번째날엔 그냥 비몽사몽인채로 기억력 게임을 하다가 다시 잠들었다가 다시 소리 듣고 일어나고 반복했고요 

세번째날엔 결국 기억력 게임을 완수하고 평소보다 더 이른 시간에 더 잠들지않고 눈을 뜰 수 있게됐어요 

감사의 인사를 드리고싶습니다… 잠귀 어두운 사람들 꼭 이 어플 썼으면 좋겠어요.. 전 잠귀가 심각하게 어두운편이라 원래 알람소리를 못듣는데 이 어플은 진짜 오짐…. 욕하면서 눈이 떠져요….. 게임하다보면 빡치다가 잠이 깨구요,,, 평생 쓸거같아요 이 어플ㅠㅠ 더 써보다가 담달에 유료결제하려구용ㅠ",5,2022-09-07T09:18:56-07:00,6.68.1,fんdksl↑xkxldld
226,배터리 광탈…,"안드로이드에서 쓸 때는 괜찮았는데, ios에서는 발열 문제가 심한 거 같아요. 아침에 일어나면 핸드폰이 터질 것처럼 뜨겁습니다. 배터리 상태도 아니나다를까…",3,2022-09-06T07:53:02-07:00,6.68.1,na10183
227,버그수정 부탁드려요,사진찍기 알람에서 계속 버튼 터치하면 사진 안 찍고도 알람이 풀려요 ㅠㅠ,5,2022-09-05T18:00:46-07:00,6.68.1,원DJ
228,다 좋긴 한데 배터리가,배터리가 무슨 아이스크림 녹듯이 너무 빨리 다네요ㅋㅋㅋㅋㅋㅋㅋㅋ 배터리 사용 비율을 보니까 웬만한 가벼운 게임 보다도 더 많이 사용했음ㅋㅋㅋㅋㅋㅋㅋㅋ 일어나긴 잘 일어나지는데 배터리만 좋아도 더 쓸텐데,1,2022-09-03T17:31:18-07:00,6.68.0,갤넘옴
229,잘 쓰다가 어플이 안 켜져요,잘 쓰다가 요즘 안 쓰고 오랜만에 들어갓더니 어플 자체가 안켜져요ㅠㅠ,3,2022-09-01T20:38:38-07:00,6.68.0,양파촤
230,진짜 앱 개좋다,아침에 진짜 지각을 개심하게 해서 이 어플 보고 깔았더니 진짜 잘 일어나짐.. 근데 나란 새끼가 문제지.. 진짜 짜증날땐 앱을 자꾸 지워서 아직도 지웠다 깔았다 중 이 앱 추천 합니다 겁나 좋아요,5,2022-08-31T04:47:34-07:00,6.67.0,끄끄루삥빵뽕
231,쓰레기어플,알람 어플인데 안울림 뭘 믿고 쓰라는거지,1,2022-08-30T18:20:13-07:00,6.67.0,흐눙
232,ㄱㄹ,최고의 알림앱,5,2022-08-30T15:47:31-07:00,6.67.0,김득일
233,좋음,좋아,5,2022-08-30T08:37:51-07:00,6.67.0,아아아아나다
234,프로모션 구독 취소,프로모션 구독했다고 메일이 왔는데 취소해주세요. '갱신일 하루 전까지 애플 아이디에서 언제든 취소할 수 있다'는데 들어가봤더니 취소 버튼이 없는데요? 71000원 결제 예정이라는데 어플도 삭제했으니 구독 취소해주세요.,1,2022-08-29T18:28:19-07:00,6.67.0,sbdushxoakqmwo
235,결국 저는 떠납니다,"다른 기능은 다 좋아요. 대체 불가능할만큼.
근데 백그라운드에서 베터리를 엄청 잡아먹고 있는거 확인하고, 몇번이나 고민하다가 결국 지웁니다. 알람 유지를 위해 백그라운드에 실행되어야 하는건 알겠는데, 베터리를 왜이렇게나 소모하는지는 납득이 안가요. 개선 된다면.. 언젠가 돌아오겠죠..",5,2022-08-29T09:21:57-07:00,6.67.0,듀튜
236,알람 절대 못듣는 스타일인데,이 어플 쓰고 일어남…,5,2022-08-28T16:24:13-07:00,6.67.0,blue gineepark
237,이런 어플 또 어디없어요,4년넘게 이 어플 잘 쓰고 있습니다 폰을 바꿔도 꼭 다운 받아야 되는 앱 중에 하나예요 진짜 유용하고 잠귀가 어두우신 분들은 꼭 한번씩 써보셨으면 좋겠어요 소리 듣고 일어나도 그냥 끄면 그만인데 알라미는 미션이라는게 있어서 좋아요 ㅎㅎ 진짜 학생이나 직장 다니시는 분들 잠 때문에 시간 약속 못 지키시는 분들 강력 추천 합니다,5,2022-08-27T21:21:52-07:00,6.67.0,몽구딱가리
238,너무 좋아요!,아침에 일어날 때마다 알람 못 듣고 그냥 자는 경우가 많았는데 알라미의 알람은 소리가 점점 커져서 그런지 이 앱을 사용하고 한번도 늦잠을 잔적이 없어요! ㅇㅁㅇ,5,2022-08-27T03:39:48-07:00,6.67.0,헤ㅔㅎㅎ헤ㅔ헤ㅔㅔㅔㅎ
239,앱키자마자 죽어버리네요,알람도 설정 후 초반에만 나다 어느순간부터 안되고 이젠 죽기까지...,1,2022-08-27T02:07:46-07:00,6.67.0,.!?!ㅠㅠ
240,다 좋은데 하나가 별로에요,따라쓰기 알람이 무작위로 나오는데 순차적으로 or 랜덤으로 선택할 수 있게 수정되면 더더욱 좋겠습니다. 현재는 랜덤밖에 되지가 않아서 불편합니다.,4,2022-08-24T22:41:03-07:00,6.67.0,bxjdheidh
241,알람앱인데 알람이 안울림,알람앱인데 알람소리가 안나면 어떡하라는건가요...,1,2022-08-24T16:08:30-07:00,6.67.0,안녕하세요안녕하세요우
242,앱 너무 좋아요,다른 알람 어플도 써봤는데 알리미가 제일 좋네요!,5,2022-08-24T07:15:50-07:00,6.67.0,토스의왕자
243,진동도 진동이지만 데이터 사용량이 ㅋㅋㅋㅋ,무슨 유튜브보다 많이쓰나요 ㅋㅋㅋ 한달도 안됐는데 어플 아침에만울리는데 뭔 6기가나 처먹음..? 무제한만 써야하는거아님? 옛날부터 사용햇는데 뭔 개버그인지 백그라운드에서 뭐가 계속돌아가는건지 쓰레기네.. 선넘는거아닌가,1,2022-08-24T05:08:44-07:00,6.67.0,문어숙회튀김
244,와,이건 진짜 좋음!!,5,2022-08-23T09:26:20-07:00,6.67.0,머몽ㅇ어
245,아이폰 알람이 꺼져요..ㅠ,너무 좋은데 알람을 수학 문제를 풀고 끄든 어떤 미션을 수행해야 꺼져야되는데 아이폰12는 전원버튼 한번만 누르니까 소리가 꺼져요ㅠ,5,2022-08-22T00:12:25-07:00,6.67.0,자딤자림❤️
246,안울려서 수업못감;,알람어플인데 가끔씩 안울리면 어떻게 믿고 쓰지,1,2022-08-21T11:08:24-07:00,6.67.0,봉봉47
247,굳 + 조금의 수정요청,덕분에 그래도 어느정도 일어날 수 있게 되었습니다. 좋은 앱 감사합니다. 혹시 시간 설정할 때 다이얼 형식이 아닌 입력형식으로 바꿀 수 있을까요?? 변경이 된다면 사용하는데 더욱 편리할 것 같아 리뷰 작성하게 되었습니다.,4,2022-08-20T18:40:24-07:00,6.67.0,꿍갱
248,좋은데 알람이 가끔씩 안 울리고 알림바에 알림이 계속 추가됩니다,백그라운드에 실행을 시켜놔도 가끔씩 소리는 안나고 알림 창에만 1초에 한 번씩 알림이 오다가 앱을 실행하면 알람이 울립니다. 잘 쓰다가 왜 이러는지 모르겠네요,2,2022-08-19T15:58:53-07:00,6.67.0,리준성
249,하 개 조아,"만드신분 혹시 천재세요? 진짜 엄청 좋아오!
추천해볼 앱이네용",5,2022-08-19T07:17:30-07:00,6.67.0,어딜가나별명
250,잠귀 어둡거나 보통 알람으로 잘 안 깨시는 분들 강추,저 아이폰 기본 알람으론 절대 못 일어났는데 알라미로는 진짜 벌떡벌떡 일어나요👍👍 ㄹㅇ 강추함 진짜 100일 썼다고 알림떠서 써봅니다...저 리뷰같은거 잘 안 쓰는데 이건 정말 추천하는 앱입니당,5,2022-08-16T09:43:23-07:00,6.66.1,jubomin06
251,너무 좋아요,ㅠ,5,2022-08-16T09:31:04-07:00,6.66.1,";;;,,,"
252,오늘의 패널 영어,안녕하세요 매일 잘 사용하고 있습니다 감사해요ㅎㅎ 그런데 오늘의 패널에서 늘 보이던 운세나 날씨가 영어나 일본어로 표기되는데 이 부분 설정은 어떻게 바꿀 수 있을까요...?,4,2022-08-15T14:18:07-07:00,6.66.1,쏘유니크
253,알려주세요!!,너무 좋아여!! but… 오늘의 패널에서 별자리 운세 나오는게 영어로 바뀌었다가 일본어로 바뀌었다 그러네여 이거 한국어로 바꾸는 방법좀 알려주세요!!,5,2022-08-14T09:35:22-07:00,6.66.1,djWjfxod(어쩔탱)
254,난,ㄴㄴ,5,2022-08-14T08:48:20-07:00,6.66.1,나난ㅇㅎ
255,배터리를 너무 많이 써요,배터리가 유난히 빨리 닳길래 사용내역?원인? 보니까 얘가 1등이에요 심지어 알람 안울리는 시간인데 ; 최적화좀여,1,2022-08-11T18:46:48-07:00,6.66.1,난아직60단계인데
256,어쩌면 삶을 바꿔준 앱,"원래도 귀가 두꺼운 편이라 알람을 못 듣고, 잠결에 꺼버리고 다시 자는 편인데 알라미는 수학 문제를 풀어야 알람을 끌 수 있으니까 어떻게든 일어나게 하려는 거 같아요. 졸려 죽겠는데 알람 오면 짜증났는데 정신이 맑아지면 매일 고마운 앱이에요! 하루를 의미 없이 보내고, 시간 관리도 안 되어서 스트레스가 이만저만이 아니었는데 단번에 해결해준 아주 고마운 앱이에요... ❤️❤️ 알라미 쓰다가 다른 알람 앱 못 써요 ㅠ",5,2022-08-11T17:47:57-07:00,6.66.1,으응그라
257,제일 확실한 알람,이거 쓰고 못일어나는거면 미션 난이도를 너무 낫게 한건 아닌지 생각해보셈 이만한 앱 없음,5,2022-08-11T12:06:08-07:00,6.66.1,바나나우유맛초코
258,좋음,나가기 전에 해주는 말들이 별거 아닌거 같은데 고마움,4,2022-08-11T09:22:48-07:00,6.66.1,아놔얍얍
259,.,학교갈때 쓰기 너무 좋았어요!!,5,2022-08-11T07:49:56-07:00,6.66.1,건전지은
260,알람이 알람만 오고 터치해야 소리가 나요;;,알람이 왜 안 울려요?ㅠ 알람 울릴때 터치해서 울리면 알람을 왜 까는거죠ㅠ,1,2022-08-10T17:23:50-07:00,6.66.1,€£¥•...
261,갤럭시 쓸때부터 쭉 써왔습니다,"좋아용 아주 좋아용 잘쓰고 있습니다
좋은 어플 만들어주셔서 감사합니다",5,2022-08-10T12:55:25-07:00,6.66.1,achieveSS
262,굿,굿,5,2022-08-10T07:45:11-07:00,6.66.1,호화ㅣㅕㅗㅍㅎ
263,진짜 좋긴 한데…,이 앱 쓰고 난 이후로 폰 배터리가 장난아니게 빨리 줄어들어요.. 혼자 배터리 사용량 51%… 그래도 알람기능을 착실하게 해내니 포기할 순 없네요..,3,2022-08-10T02:57:24-07:00,6.66.1,coskcos
264,절대 깔지 마세요,"앱 종료하지 말라고 하고
개인 정보 유출하고 감시하는 앱이에요
내 데이터도 ᐲᗨ 줄줄 새게 만든 주범임",1,2022-08-09T02:46:38-07:00,6.66.1,쑤토피아
265,최고의 알람 앱,말해 뭐합니까 인생이 바뀌었어요,5,2022-08-07T22:39:56-07:00,6.66.1,클리양
266,이번 업데이트 최고 엉망이네요,다른 분 리뷰 답변 봤습니다. 저는 수면 도움되는 소리는 자다가 깼을 때 다시 잠들기 어려워서 켜는데 아~주 한참 내려야 있네요. 가뜩이나 달아나는 잠인데 이거 스크롤 다운하다가 더 잘 깨겠어요…. 기상용으로 이래놓은 듯도 하고요?.. 누가 유투브 벽난로 8시간짜릴 이 앱에서 쓰고 싶다고 했는지 모르지만 이용자 배려가 하나도 없는 업데이트니까 아마도 제작자를 위한 업데이트인가봅니다. 6.66.1인데 예전버젼 듣기같은 단추는 없습니다. Se2 iOS 15.6,2,2022-08-07T06:40:16-07:00,6.66.1,실명도 닉도 다 사용중
267,좋은 어플. 배터리소모가 별점 깍음,"분명 알라미는 좋은 어플이지만 백그라운드 상태로 많은 배터리를 소모하는 치명적인 단점이 있습니다.
대안 어플을 찾는다면 떠날 것 같습니다",3,2022-08-06T19:15:52-07:00,6.66.1,ㅁㄴㅇㅌㅍㅎㄹ
268,왜 안드로이드랑 아이폰이랑 다른가요?ㅠㅠ,원래 안드로이드 쓸 때 화면잠금을 안풀고 바로 알람해제가 가능해서 좋았는데 아이폰은 왜 화면잠금해제 없이 알람을 끄려면 추가비용을 내야하나요…?ㅠㅠㅠㅠ그리고 안드로이드에서 쓰던 알람음도 아이폰에는 없더라구요…ㅠㅠ삼성에서 쓸 땐 너무 만족했는데 안드로이드랑 다른건 살짝 아쉬워요,4,2022-08-06T12:36:23-07:00,6.66.1,하이~_~
269,사랑해요,이 앱 만들어주셔서 감사합니다 ㅠ,5,2022-08-06T11:16:33-07:00,6.66.1,흐앋
270,뭔 전력소모가,요즘 배터리가 너무 빨리 줄어들어서 설정에서 배터리 사용량을 확인했는데 알라미가 40~50%에요 ㅡㅡ; 알람 어플인데 너무 심한거 아닌가요,3,2022-08-06T04:26:53-07:00,6.66.1,오리아스
271,엄청 좋아요,고등학생 때부터 애용하던 앱이에요 재수 시작한 뒤로도 항상 잠이 많은 절 잘 깨워주는 최고의 알람앱이에요 그런데 가끔 알람이 안 울릴 때가 있어서 너무 슬퍼요 알람이 안 울렸다고 하는 건 변명이라고 엄청 혼나거든요,5,2022-08-05T17:05:02-07:00,6.66.1,WwwwwOooooWoWo
272,앱 오류로 배터리 순삭,알람 끄고 뜨는 오늘의 패널 열리면 화면이 꺼지지않고 계속 켜져있어서 배터리 순삭됨(아이폰 유저고 3분후 자동꺼짐 설정 돼있는데도) 그래서 첫번째 알람 끄고 좀 자다 일어나면 핸드폰 개뜨겁고 배터리 다돼서 꺼져버린후 두번째알람 못울려서 지각한적도 있음ㅇㅇ 이거 해결안되면 딴 어플 쓸래요 ㅜ,1,2022-08-05T00:06:24-07:00,6.66.1,뀨류류사
273,음악을 알람음으로 하고싶은데 안돼요,"항상 잘쓰고있습니다.
이전에는 음악으로 알람음이 잘듣고 일어났지만 어느날부터 안됩니다. 

업데이트를 해보았으나 사운드 - 음악 - 노래선택 으로갈경우 사운드 선택화면으로 이동됩니다. 혹은 프리미엄혜택만 가능한기능으로 변경된건가요? 확인해주시고 수정부탁드려요",5,2022-08-04T09:19:47-07:00,6.66.1,개귀찮
274,알람이 안울리는 오류와 사진찍기,"갤럭시에서 아이폰으로 넘어가서도 계속해서 쓰고있는 앱인데요, 아이폰으로 바꾸고나서 몇가지 이상한 상황들이 있어서 리뷰작성합니다.
1. 알람이 안울리는 오류
간혹 유튜브를 보다가 화면을 켜놓은 상태로 자는 경우에는 알람이 울리지않고 알림센터에 50개씩 알림만 쌓이더라구요 폰이 뜨거워지고... 수정하실 수 있는것인지 왜이런지 궁금합니다
2. 사진을 찍어서 알람을 해지하는 방식이 갤럭시에서는 가능하던 방법이 아이폰에서는 아주아주 정확하게 찍어야만 풀려서 아이폰으로 바꾼 이후에는 그 기능을 사용하고 있지 않습니다. 이 사항들을 수정하실 수 있나요??",4,2022-08-04T09:14:50-07:00,6.66.1,야뚱이
275,알람음,애플뮤직 구독중인데 구매하지 않은 음악은 알람음으로 쓸 수 없다고하네요.. 애플뮤직 구독자에 한해서 노래를 알람음으로 가능하게 할 순 없을까요??,5,2022-08-04T03:40:40-07:00,6.66.0,adcarrrry
276,잘쓰고 있습니다,"제가 갤럭시에서 아이폰으로 왔습니다
갤럭시에서 1년구독을 했고 6개월 남은 시점에서 아이폰으로 바꿨습니다. 아이폰에서 계속 구독권을 쓸수는 없는 건가요? 
그리고 제가 실수로 아이폰에서 결제를 해버려는데 취소는 안되는 건가요?",5,2022-08-03T06:14:39-07:00,6.66.0,찌향이
277,미션,미션을 깨지를 못하면 알람도 영원히 못 끄는건가요? 이것 때문에 지금 알람이 안 꺼져서 너무 시끄러워요 이거만 빼면 정말 좋은데 이거 하나 때문에 정말 짜증나네요 계속 앱을 지웠다 깔고 있고 정말 짜증나네요 이것만 제발 고쳐주세요 이것만 고치면 정말 좋은 앱입니다ㅠㅠ,2,2022-08-02T16:17:50-07:00,6.66.0,ㄹㅎㄹㅎㄹㅎ로
278,알람 개선 건의,"아침에 방 안이 어두워서 일어나기가 힘들어용 ㅠㅠ
알람이랑 동시에 후레쉬 깜빡거리는 기능이 생기게 해주실수 있나요?",5,2022-08-02T07:14:12-07:00,6.66.0,독서신발장
279,알라미💓💓,아침잠 많은 사람한테 강추입니다!!,2,2022-07-31T10:26:10-07:00,6.66.0,vegetable🍊
280,굳,ㄱㄷ,5,2022-07-30T14:41:32-07:00,6.65.1,korean-95949393
281,수면 유도 음악이 왜 이랗게 됐죠,왜 밑에까지 쭉 내려야 되는건지.. 그냥 탭을 하나 더 추가해주셨으면 좋겠어요 몇년동안 잘써왔는데 대체 왜 이렇게 바꾼건지..,1,2022-07-29T12:47:23-07:00,6.65.1,도르마르도
282,가끔씩 알람이 안 울려요,소리가 안나고 상단에만 뜨네요 ㅜㅜ,4,2022-07-28T15:13:59-07:00,6.65.1,섹시차도녀
283,알람이 진동으로ㅡㅡ,"아니ㅡㅡ알람이 왜진동으로 울려요
지각 몇번째임 하
이제 안쓸래요",1,2022-07-27T18:09:50-07:00,6.65.1,또지각
284,알라미님 제발,저 어제까지 자기전에 심플하게 숲 파도소리 모닥불 이런식으로 asmr  수면사운드 탭인가에서 들었는데...오늘 수정된건가요?? ㅠㅠㅠㅠㅠ 바뀐거같네요....그거 맨날썼던사람이라 넘 그리워요 그거...자기전에맨날들었는데.... 원래있었던거 추가해주심안돼요? 흐엉흐어어엉흐어어어엉,5,2022-07-27T10:16:42-07:00,6.65.1,^.^.^.^.
285,매일 아침을 알라미와 함께🤩,이제 알라미 없이 일어나는 삶은 상상할 수 없어요 ㅠㅠ 7년동안 하루도 안빼먹고 알라미로 일어나고 있어요! 알람 외에 날씨나 뉴스와 같은 컨텐츠를 접할 수 있는 것도 너무 좋아요!,5,2022-07-26T21:16:29-07:00,6.65.1,제이콥19
286,좋아요,"대체적으로 좋아요 계속 사용할게요 
그런데 아침기록 한 번 하면 수정이 안되서 불편해요 ㅠㅠ 
저는 문장 따라쓰기를 하고 싶은데 그건 유료 서비스라서
슬프네요 매 달 팔천오백원씩 내는 거 맞죠? 고민을 해보겠습니다..",3,2022-07-24T17:47:12-07:00,6.65.0,ㄱㄷ22384747
287,ㆍ,좋음,5,2022-07-24T14:02:30-07:00,6.65.0,성*윤
288,아이튠즈 연동?,"앱 잘 쓰고 있습니다

다만 알람음>노래설정>플레이리스트 

항목에서는 아이튠즈가 연동되어 열립니다

아이튠즈가 애플에서 없어져서 애플 뮤직 연동이 된다면 그곳으로 연동하면 더 편할 것 같아요",4,2022-07-24T13:50:40-07:00,6.65.0,누탸ㅑ너
289,분명 울리고 있는데 소리가 안 울려요,상단바에 분명 뜨고 있는데 소리가 씹혀요 지각한게 한두번이 아님. 지울라고요 그냥,3,2022-07-22T10:55:27-07:00,6.65.0,토끼잉달
290,알리미 수학 어플임?,"수학문제 5문제설정해놧는데
갑자기 25문제풀어야돼서 아침부터 개빡돌았네요
이런 버그는 좀 안생기게 해주세요 진짜
알람미루기도 5분뒤로 설정해놨는데 2분뒤에 울리고 제정신아닌거같네요 수시로 어플 상태점검 해주셔야될거같은데:;",1,2022-07-21T17:20:53-07:00,6.65.0,아기오리온
291,미션 3라운드 정도로 설정해놓았는데 자꾸 50라운드로 혼자 늘어나요;,대체 왜이러는거죠,3,2022-07-21T11:20:39-07:00,6.65.0,ㅇㅇㅇ1000
292,ㅋㅋㅋㅋ장난치나,자고 일어났더니 지 알아서 유료로 가입되어 있는건 뭐임? 환불해줘요 빨리ㅋㅋ,1,2022-07-20T22:19:25-07:00,6.65.0,ppongE
293,오우,아침마다 욕이 절로나오지만 효과는 확실합니다! 감사합니다 개발자님,5,2022-07-20T10:45:09-07:00,6.64.1,주준환
294,미션 수행,기억력게임 4라운드 하는걸로 설정해놨는데 아침에 알람 울렸을때 35라운드 하라고 뜨더라고요 .. 나가서 확인해보니까 4라운드로 설정 돼있었어요 오류인것 같은데... 넘 힘들었어요ㅠ 개선 부탁드려요,5,2022-07-19T19:36:37-07:00,6.64.1,ㅈㅅㄹㅇㅇㅌ
295,진짜 드물게 알람이 안 울리는데요,"아이폰은 대기창 지우거나 무음이면 안울린더라고요
오늘 지각했는데요
너무너무 귀찮고 신경 써야하는 시스템이 싫어
절이 싫으니 중이 떠납니다",1,2022-07-19T02:17:00-07:00,6.64.1,ㄴ눈물나
296,Bb좋아요,좋습니다. 😊,5,2022-07-18T23:41:16-07:00,6.64.1,이대썬
297,알람 울릴때 듣고 있던 노래 저절로 끊기게 해주시면 안될까요 ㅜ,진짜 완전 조용한 고속버스에서 에어팟으로 노래듣고 있었는데 갑자기 에어팟 연결이 해제되고 볼륨맥스로 노래가틀어지면서 알람이 울렸어요 ㅜ 기사 분께서 머라하셔서 넘 당황해서 일단 폰을 껐는데 알람은일어나는 기능으로 에어팟으로 소리 안나게 하는건 이해 가는데 그전에 노래는 ㅋㅋㅋㅋㅋ진짜너무 당황스러웠네요;; 별점 잘 안다는데 불편했어서 남깁니다,1,2022-07-18T19:46:04-07:00,6.64.1,baijshdsjs
298,진짜…,"효과가없다.. 알람 울리지도않고
진동만 오지게 울려서 짜증남",1,2022-07-18T16:25:21-07:00,6.64.1,김서쥰티비
299,앱 오류나요..,"자꾸 문제들이 오류가 나네요 어제는 -100문제로 최고난이도 문제가 나와서 아침부터 계산기 두드리고 오늘도 -100번 폰 흔들으라고 해서 그거에 놀라서 일어났네요,,; 충격요법인지..몇년동안 잘 쓰던 앱인데 갑자기 이렇게 오류가 많아져서 불편해요",4,2022-07-18T15:26:49-07:00,6.64.1,노랑색곰
300,데이터를 왜이렇게 많이 먹나요,이번달에 유독 데이터가 빨리떨어져서 사용량 확인해보니깐 얘 혼자 2.1기가 썼네요 놀라서 지웠습니다,1,2022-07-17T23:23:47-07:00,6.64.1,뽀쇼옹
301,일단 사랑한다고 말하고 싶어요,"이 어플 처음 출시 됐을 때부터 써왔어요 
사람이 제일 힘들때 필사적으로 지켜야 되는건
생활리듬인것 같아요 정말 없어서는 안되는 어플입니다",5,2022-07-17T10:22:08-07:00,6.64.1,₩₩7753
302,알람,"평소에 일어나는게 귀찮았는데
알라미로 유용하게 쓸거같아요 ㅎㅎ 감사합니다",5,2022-07-17T03:43:57-07:00,6.64.1,영탁이 딱이야
303,미션개수오류,수학문제 5개로 설정해두고 잤는데 오류가 생겼는지 30문제 풀었어요. 주말이라서 다행이었지. 강제종료 할 수도 없고 난이도도 높여둔 터라 알람끄는데 한참 걸렸네요. 여태 한번도 이런적 없었는데 오늘아침 너무 당황스러워 리뷰 남깁니다.,4,2022-07-16T15:53:23-07:00,6.64.1,세애송ㅇ
304,아이폰인데 가끔 소리안울리고 진동만울려요,"소리를 작게한것도 아니고 백그라운드에 있는데도 그럼 가끔씩
덕분에 지각한적 많음",1,2022-07-15T16:31:45-07:00,6.64.1,이솔솔솔
305,환불,환불조치좀 해주세요  자동결제 되었어요,5,2022-07-15T15:13:34-07:00,6.64.1,아니러겨뇨쵸초
306,알림 울릴때 볼륨이 최대치가 돼요,말 그대론데 핸드폰을 보고 잇다가 알림이 울리면 그 순간에 볼륨이 최대치가 되어서 보고있던 영상 소리도 덩달아 오르는 바람에 개시끄러워져요,4,2022-07-14T11:32:12-07:00,6.64.1,은태 와이프
307,와 진짜 레전드 알람앱,"진짜 아침잠이 진짜 많은사람인데 이앱 진짜 유용함 진짜 왠지모르게 깨어나게 만듬 굳굳 개발자 뭐야 진짜 사랑합

아이폰 알람 안울릴때가 많아서 지각할때 있었는데 이앱은 제발 꺼지길 바랬던 그 진짜 잘 깨워주는 알람.. 돈 받고 해도 잘한거..",5,2022-07-14T07:59:55-07:00,6.64.1,렌고쿠 쿄주로
308,음악소리 원하는 걸로 바꿀 수 있게 해주세영,아이튠즈 되지도 않는데 운악 앱에서 쓸 수 있게 변경좀 부탁드립니다..,4,2022-07-14T07:45:09-07:00,6.64.1,음악변경점
309,셀룰러데이터 사용 문제,갑자기 데이터 사용량이 많이 나와서 보니 알라미가 1.3기가바이트 사용된 걸로 떴는데 뭔가요? 알람 사용 외에 사용한 게 없어서 데이터가 이렇게 많이 나갈 일이 없는데 어떻게 된 건가요,3,2022-07-13T21:16:57-07:00,6.64.1,moonrisekd
310,문제 난이도 오류,몇년째 정말 잘 사용하다가 최근들어 문제 난이도에 오류가 생겨요 전 쉬운 난이도로 설정해 놨는데 알람이 최고난도로 울려요..... 진짜 얼마나 당황스러운지... 버그 수정 부탁드립니다ㅠ,3,2022-07-13T19:42:01-07:00,6.64.1,뀨릥ʕ”̮ॽुෆ⃛
311,그동안 잘 썼는데,"어제 이상하게 무음으로 알림만 떠서 지각했는데 오늘도 그러네요.
믿을수가 없으면 쓸수가 없어요..",5,2022-07-12T16:49:10-07:00,6.64.0,내가자두다
312,감사합니🐿,좋은 어플 감사히 잘 사용하고 있습니다!,5,2022-07-12T06:54:02-07:00,6.64.0,진짜쓸만한거같아요
313,알람이 안울려요,"제 아무리 기능이 좋으면 뭐합니까 작동을 안하는데 
저도 써보고 싶어요",1,2022-07-12T03:20:02-07:00,6.64.0,mmiooppoi
314,정말 잘쓰고 있습니다,"아이폰 기본 알람 쓰다가 도저히 안일어나져서
초강수를 둔거였는데 아.. 역시 시끄러워야 잠이 깨네요.
덕분에 따박따박 잘 일어납니다.
다만 벨소리 음악을 설정할려고 하면 바로 꺼져버리는데 버그인가요 아니면 유료컨텐츠인가요? 
유료라면 설명을 적어주시거나 버그면 꼭 고쳐주시길 바랍니다.",5,2022-07-11T12:45:46-07:00,6.64.0,회양
315,잘쓰고있습니다,근데 한가지 건의사항이있어요 알람울리는 시간에 카톡이나 전화 메세지등이 오면 알람이 씹히는데 이거 해결해주실생각은 없으신가요 이거때문이 늦잠잔적이 한두번이아니에요..,5,2022-07-11T06:49:31-07:00,6.64.0,사랑은향기
316,알람이 안 울려요,기능은 너무 좋은데 알람 앱에서 알람이 안울려요ㅋㅋㅋ한 두번도 아니고 앱이 열려있는데도 알람이 안울리면 기능에 문제가 있는 것 같습니다. 또한 오전으로 되어있는데도 알람이 안울리고 그냥 스킵되어서 24시간이 남았다고 뜨는 경우가 종종 있습니다. 꼭 수정해주세요. 자꾸 늦는다구요!!,5,2022-07-08T17:03:31-07:00,6.64.0,YulRyeong
317,개미친 배터리 소모,백그라운드로 켜놔야 알람켜지는데 이거 켜놓으니까 10일동안 베터리 사용량 40퍼 찍네요 미친어플 절대깔지마세요 화나네요 정말,1,2022-07-08T09:58:46-07:00,6.64.0,제발 깔지마 이쓰레기
318,무음일때 안울림,"스팸 전화 자주 와서 무음으로 아이폰 쓰고 있는데
예전에는 울리더니 요즘은 무음으로 해놓으먼 알람 소리 안울려요 스트레스 받아요 고쳐주쇼",4,2022-07-07T12:01:57-07:00,6.64.0,아빠향수
319,안 울려요 알람이...,진짜 얘만 믿다가 지각을 몇 번 했는지 ㅋㅋ하..,1,2022-07-07T06:23:38-07:00,6.64.0,후엫엥
320,.,"다양한 기능으로 잠을 깨워주는 데 알라미만한 앱이 없어서 매우 유용하게 쓰고 있습니다. 
다만 한 가지 단점이 있다면 알림 허용된 상태에서, 앱을 끈 적도 없고, 제가 원하는 시간대로 정확히 알람을 설정했음에도 불구하고 알람이 전혀 울리지 않는 현상이 하루 걸러 하루 발생하고 있습니다.",3,2022-07-06T15:37:37-07:00,6.64.0,내내아ㅏ라어오유
321,알람 울리는 도중 전화가 와서 끊길시 이후로는 진동만..,알람도중 전화가 오고 끊기면 이후로는 소리는 안나고 진동만 울립니다 ㅠ,1,2022-07-06T07:31:00-07:00,6.64.0,로허러
322,잘 쓰고 있습니다,"그런데 미션을 하지 못하고 알람이 지나갔을 때, 핸드폰 팝업에 계속 '알라미를 종료했습니다'였나? 여튼 일어날때까지 팝업이 계속 떠요... 쌓인 개수만해도 여러개고 일어나서 폰 볼 때까지 팝업이 떠서 핸드폰이 뜨거워요ㅠ 그렇다고 알람이 계속 울린 것도 아니구요...! 해결방법이나 이유가 궁금합니다",5,2022-07-04T19:02:35-07:00,6.64.0,리뷰이벤트로콜라
323,버그...,잘 쓰고 있긴 한데 수학 문제 풀이 개수에 버그가 있는거 같아요. 분명히 5문제로 설정해뒀는데 하단에 진척바를 보면 한 100문제는 되는거같아요 이거때문에 아침마다 어플 삭제하고 재설치 중이에요 얼른 고쳐주세요 ㅠㅠ,4,2022-07-04T14:56:59-07:00,6.64.0,수학문제100문제
324,미션 여러개,미션 여러개 설정하게 해주세요,5,2022-07-04T06:00:54-07:00,6.64.0,유연꽃
325,잠이 정말많거나 알람을 맟춰도 다시자는사람한테 강추!!!!!!!,시험기간에 늦게까지공부하고 일찍일어나야하는 경우에 확실하게 깰수있는빙법을 가진 앱인거같습니다.,5,2022-07-02T12:22:34-07:00,6.64.0,져는 babo입니다
326,최고최고,"진짜 사랑합니다
덕분에 학교 한번도 지각 안함 짱짱",5,2022-07-01T10:27:54-07:00,6.64.0,angbadguy
327,알람이 안울리는데요,한두번 그런적이 있어서 아예 자기전에 켜두고 잡니다 근데도 이번주만 2번 안울렸어요..... 다른 댓글에 답변단 내용 모두 지킨 상태구요.. 아무리 기능이 좋아도 기본 알림이 안되는데 무슨 소용인가요... 아쉬운데 삭제합니다,1,2022-06-28T15:26:10-07:00,6.63.1,ghjhbjj
328,그 왜 수학문제는,3문제만 했는데 계속 아침마다 50문제 이상씩 나오죠? 진짜 개빡쳐요,2,2022-06-27T16:50:22-07:00,6.63.1,바꿔화나니까
329,구독취소,연간 구독을 한 적이 없는데 갑자기 결제 되었습니다 빠른 환불 부탁드립니다,1,2022-06-26T19:29:28-07:00,6.63.1,chjdl
330,구독 환불,안녕하세요 알라미 어플을 유용하게 사용했던 사용자입니다. 다름 아니라 서비스를 이용하다가 잘못 클릭하여 프리미엄구독 서비스로 바로 전환이 되었는데요. 모르고있다가 일주일 뒤에 계좌에서 돈이 자동으로 빠져나간 것을 발견해 문의 남깁니다. 앱 사용 환불은 48시간 이내 가능하다는 걸로 알고 있습니다.바로 구독 취소를 눌렀는데 그저 23년까지 이용할 수 있다고만 떠 환불관련 문의 남깁니다. 빠른 답변 기다리겠습니다.,2,2022-06-26T19:02:58-07:00,6.63.1,프리미엄 구독 환불 문의
331,좋습니다 다만,"안 일어날 사람은 뭘해도 안일어나는거 같습니다.
신기하게 알람 2분전에 깨어나서 폰을 끄고 잡니다
알람이 켜져도 울리기 전에 끄고 잡니다
어떻게든 끄고 삭제하고 잡니다.",5,2022-06-26T11:09:57-07:00,6.63.1,대한민주공화국공주님
332,환불 부탁드립니다,사용안한지 꽤 됐는데 돈이 빠져나갔어요ㅜㅠ환불 부탁드립니다…,1,2022-06-25T05:21:56-07:00,6.63.1,환불부탁요멍
333,좋은 습관 만들어져용,👌👌👍,5,2022-06-25T00:22:40-07:00,6.63.1,zzz순무
334,씁,ㅅ갤럭시로 쓸 땐 흠잡을 곳 없이 좋았는데 아이폰 바꾸고 이거 쓰니깐 정신을 못 차리겠네,4,2022-06-24T12:57:54-07:00,6.63.1,@@@61
335,앱이 깔려있지도 않았는데 결제가 됐어요,"무료체험 중간에 지우고 제 폰에 앱이 아예 없는 상태였음에도 결제가 돼버렸네요…잘 사용하지 않는 앱이었는데 맘대로 결제된 거라 난감하네요ㅜ 1년 결제라
조금 부담스러운 돈이 빠져나가서요 환불 부탁드립니다",1,2022-06-24T10:13:16-07:00,6.63.1,유니ㅣ니니느이어ㅓ톹
336,댓글,미션 덕분에 아침에 쉽게 일어날수 있었다.,5,2022-06-23T15:05:06-07:00,6.63.1,"샤ㄴ, 구ㅉ, 버버ㄹ"
337,앱 못지우게 못하나요ㅠ,"아니 저번에 알람 계속 울러서 화나서 앱을 지우니까 알람이 꺼져서 이제 잠올때 울리면 계속 앱을 지워요 ㅠㅠㅠ 
매일 지웠다 깔았다 반복중임 하아",5,2022-06-23T09:18:31-07:00,6.63.1,cutttttygirl
338,초강력 사진찍기 알람,굿굿,5,2022-06-22T07:17:57-07:00,6.63.0,오재훈129
339,앱이 하도 독해서 아침에 지워버리게 되네요 ㅋㅋ 효과는 좋아요,지금 한 20번째 다시 깐듯 ㅋㅎㅋㅎ,5,2022-06-22T04:01:03-07:00,6.63.0,rjsgml1378
340,구독취소하려면 어떻게 해야 해요?,방법 좀 알려주세요,4,2022-06-21T15:11:04-07:00,6.63.0,mjgf56
341,앱 내 결제를 한 기억이 없고,분명 어떤 승인도 하지 않은 것으로 기억하는데 갑자기 1년 구독으로 7만원이 결제되어 황당한 심정으로 작성합니다 환불 및 사기 위조 사항을 건의하였고 검토를 기다리는 중인데 상당히 당황스럽네요 잘 쓰고 있던 어플인데,1,2022-06-21T10:02:43-07:00,6.63.0,ㄴㄴㄴㄴㄴㄴㅅㅂ
342,하..,노래가 틀어져 있는 상태에서 알람이 울리면 그 음악이 최고 볼륨으로 출력되는데 이건 고칠 수 없나요? 알라미 3년째 이용중인 사람인데 이어폰으로 노래 듣다가 알라미 알람이 울리면 온 방 안에 음악이 울려퍼져서 난감했던 적이 한두번이 아닙니다 제발; 최악이네요,1,2022-06-20T20:03:17-07:00,6.63.0,별명없는게뭐냐고
343,❤️,이 어플 덕분에 알람을 못 듣고 지각 하는 일이 없어요 ❤️,5,2022-06-20T10:57:45-07:00,6.63.0,oospa3735
344,굳굳,좋은데 백그라운드 실행이 필수라는 게 아쉬워용 TT 그래도 좋아요!!,5,2022-06-20T08:17:47-07:00,6.63.0,감자라쿤
345,알람안울려서 지각함,분명히 자기전에 켜놓고 자는데 최근 일주일동안 알람 안울림 ;; 하 ㅋㅋ,1,2022-06-20T01:10:14-07:00,6.63.0,gooe92
346,다 좋은데 글자 깨지는 게 개선됐으면 좋겠어요,은근 불편합니다 깨져서,4,2022-06-19T15:31:27-07:00,6.63.0,leemagine
347,알람이 다섯시간 넘게 울리는게 정상인가요,알람이 몇십분 울리면 알아서 꺼지는 기능 하나 없네요,1,2022-06-18T22:23:34-07:00,6.63.0,바로하자
348,어플 오류 해결 제발…,"여태까지 좋았는데 근 한달간 개열받는 오류 자꾸 생겨요
수학문제 풀기 쉬움으로 설정했는데
엄청어려움나 지옥모드로 되질 않나
무한대로 계속 문제를 풀라 하질 않나
앱 삭제하고 다시까는것도 한두번이지..
솔직히 이런 문제가 지속되면 조만간 어플 다른걸로 갈아탈거같아요",1,2022-06-18T17:35:45-07:00,6.63.0,ㅇㄹㅁ미
349,소리안울림,"몇년동안 잘 썼는데 갑자기 요즘 소리 안울리고 진동만 울려서 못일어난적 한두번 아님,,",1,2022-06-18T07:09:05-07:00,6.63.0,파이리12
350,바코드 굿굿,한 때 수학문제로 해뒀다가 3개씩 다 풀고 맨날 자버려서 지웠었거든요..근데 고3되고 아침기상이 진짜 간절해져서 다시 깔았는데 바코드 스캔하는 기능이 제일 신박하고 좋은 고 같아요!!!!저는 책상위에 문제집이나 화장실에 있는 걸로 해놓는데 ㄹㅇ만족,5,2022-06-18T06:05:26-07:00,6.63.0,승식mommy
351,암튼 일어 날 수밖에 없게 만들어줘서 좋아용 ㅜㅜ,멀리 안방욕실이 있는 클렌징 폼 바코드 찍어놔서 암튼 일어나서 걸어야 해서 좋습니당 굿굿,5,2022-06-17T22:35:03-07:00,6.63.0,뵵뵵
352,아침부터 수능쳤네요,"동기부여 문장 
갑자기 영어로 나오고 30문제 풀라고 .. ㅋ
아침부터 수능쳤네요
삭제하고 다시깔았습니다 버그 좀 고쳐주세요",5,2022-06-16T14:17:24-07:00,6.63.0,겨울에는빨래를하자
353,알라미....,"알람이 간헐적으로 안울림(댓글에 있는 개발자가 하라는 거 다 했음)
배터리 소모 및 발열이 통틀어 1등임",1,2022-06-15T17:56:18-07:00,6.63.0,탭 ㅐㅂㅇㅇ
354,자꾸 설정에서 알림기능 키라고 팝업뜨는데,"이게 뭔가요?
백그라운드 새로고침이며 뭐며
알라미 관련 킬 수 있는건 다 켰는데
자꾸 알람 키라고...
그건 어디서 키면 되는것인지...

이거 때문인지 알라미 앱 안 키면 알람도 안 울리고...
(이전엔 앱 안 켜놔도 울렸음)

얼마 전에 폰 설정 초기화하고부터
계속 이게 뜨네요. 팝업도 한 번 눌러서
안 사라지고 몇 번 눌러야 꺼짐 ㅜ",3,2022-06-14T17:30:37-07:00,6.63.0,흐엘
355,다소 불안정하네요,"웬만하면 리뷰 안 쓰는데, 앱이 굉장히 불안정함에도 출시 했다는게 놀랍네요. Ios에서 알람 구현이 쉽지는 않다지만 분명 개선이 필요해 보입니다. 백그라운드 배터리 소모량이 큰건 차치하고 앱이 몇몇 상황에서 미디어 볼륨을 마음대로 변경한 뒤 되돌려 놓지 않습니다. 가장 큰 문제는 이 상황을 특정할 수 없다는 것입니다. 이 앱 시용시 조심하셔야 할듯 합니다.",2,2022-06-13T08:16:42-07:00,6.63.0,3729502837
356,아침에 분명 다 알람 다 껐는데도 울려서 데이터 비용이 만원이나 더 나왔네요…,발열도 심해지고 데이터는 다 나가고… 심각하네요,1,2022-06-12T22:19:00-07:00,6.63.0,뭐하지...
357,대체 왜 가끔 안울리는거죠…?ㅜㅜㅜ,"꼭 중요한 날에 안울리더라구요………..
ㅎㅏ 오늘 교수님이 수업 꼭 들어오라고 당부하셨는데……………………내 학점………………

자주 있는일은 아니지만 가끔 상단바에만 뜨고 진동이나 소리가 아예 안들려요",3,2022-06-12T20:45:13-07:00,6.63.0,으아으아으아으ㅏㄱ
358,왜 지꾸 상단바에서만 알림이 뜨고 소리는 안나는지..,제목 그대로 소리는 안울리고 화면알림만 울립니다.. 그러고 휴대폰 잡으면 그제사야 소리나고… 최악의 어플이네요. 이 어플 믿다가 골로갔습니다^^,1,2022-06-12T16:18:17-07:00,6.63.0,얼천해
359,음 달 사용중이긴 한데,오늘 수학 3문제로 설정해 놓은게 30문제가 나와서 알람 끄겠다고 좀 애먹었네요,3,2022-06-10T16:08:21-07:00,6.62.0,kdg_luke
360,잘 쓰고 있습니다,딱히 유료결제를 하지는 않아도 편하게 잘 쓰고 있어요!,5,2022-06-09T15:02:53-07:00,6.62.0,시현이쨩
361,흔들기 오류ㅠ,"항상 잘 쓰고있다가 오늘 아침에 알람이 울려서 50번 흔들면 꺼지게 설정해놨는데 아무리 흔들어도 꺼지지 않길래 봤더니 횟수앞에 마이너스가 붙어있더라구용 ㅠㅠ ㅋㅋㅋㅋ 횟수가 마이너스로 세지길래 바로 삭제해버린 ,,, ㅋㅋㅋ 버그 고쳐주세용 >_<",4,2022-06-09T10:20:15-07:00,6.62.0,븨앞쀠
362,왜 사진 같은건데 인식이 안되요??,불 스위치 사진으로 지정했는데 아무리 같은걸 찍어도 아니래요 ㅋ 하 진짜 일찍 일어날려고 깔았는데 이러고 몇십분을 날리면 일찍일어난게 무슨 소용이죠?? 비상시 경우를 만들어 놓던가 아니면 사진 인식을 잘되게 프로그래밍을 하던가 결국 앱 삭제해서 종료시켰어요 ^^% 제시간 누가 보상해주나요? ㅜ,1,2022-06-08T18:25:54-07:00,6.62.0,비이니니니
363,어처구니가 없음,"알람 앱이 진동 모드이면 그냥 진동으로 울림
아침에 진동 듣고 참 잘 깰 것 같으면 추천합니다",1,2022-06-08T16:23:05-07:00,6.62.0,그냥저냥하는디 ㅋㅋ
364,오늘의 운세,몇 년째 잘 쓰고 있는데요 별자리 운세 알람 끄고 안 보이게 좀 해주세요 기분 좋게 깼다가도 안 좋은 거 보이면 아침부터 기분 나빠서 짜증나요 ㅠ 안 읽고 싶은데 바로 밑에 뜨니까 진짜 신경 쓰이네요,4,2022-06-08T15:14:25-07:00,6.62.0,900가장
365,확실히 깨워줍니다,옵션으로 게임 3라운드까지 설정해도 30라운드까지 하게 만들어서 잠은 확실히 깨네요,4,2022-06-08T14:10:17-07:00,6.62.0,사용자가 작성한 모든 리뷰 옆에 사용자의 변ㅇᆢ
366,6월 9일자 약간 버그 있네요,3문제 풀기 했는데 10분동안 풀어도 끝이 안나서 시간만 날리고 삭제후 재설치 하네요,3,2022-06-08T14:05:43-07:00,6.62.0,삭제한다 이게임
367,바코드 알람 해제는 혁명이다,"진짜 화장실 물건 바코드 등록 해놓고 소리 크게 하고 잔다음 알람 빠바방 울리면 화장실에서 바코드 찍고 세수하면 잠 깸 내가 웬만해선 귀찮아서 안 쓰는데 넘 조으니까 써봤삼 최고

제가 원래 5점 줬는데 별 하나 깎았어요ㅠㅠ
왜냐면 자꾸 앱스토어에 리뷰 남겨달라고 뜨는게 신경에 거슬려요..
이 어플 쓰고 감격에 차서 진작에 리뷰 별 다섯개로 달았는데 그 이후에 계속 리뷰 써달라고 팝업 떠서 빡칠 때가 많아요. 그 점 때문에 1점 깎았습니다",4,2022-06-08T12:13:48-07:00,6.62.0,마랑베이비
368,학교 다니는 사람들은 쓰기 좋은것 같아요,원래 항상 일어날때 개운한 느낌으로 일어나고 싶어도 학교 갈때만큼은 개운하지가 않아서 기분이 찝찝했는데 알라미 쓰고 아침이 편해진 거 같아요,4,2022-06-07T07:30:28-07:00,6.62.0,김웡재
369,엉터리임…,"백그라운드 앱으로 앱을 계속 실행시켜야 알람이 울리고 진동만 나서 배터리도 계속 잡아먹음, 또 분명 수학문제풀기를 꺼놨는데 알람3개 전부 수학문제가 나옴 근데 이게 또 진짜 구라안치고 10개째인데 문제가 안끝남 진짜 최악이네요. 개 엉터리임 배터리만 매일 쳐 잡아먹고 이딴걸 왜 만드나 님들 머리가 궁금함",1,2022-06-06T14:15:58-07:00,6.62.0,거친마파두부
370,별 1개도 아까움,"예전에 리뷰썻는대 왜지워진건지;
최악입니다
버그 너무 많아요 수학문제 3문제 해놨는데 지멋대로 100문제로 설정돼있고
알람앱인데 안정성이 너무 떨어지는데다 배터리 너무 빨리 닳아서 삭제함",1,2022-06-05T15:44:30-07:00,6.62.0,일상카페짱
371,버그나 좀 잡으심쇼,"아이디어가 좋으면 뭐합니까? 버그 때문에 간혹 알람이 안 울리고 건너뛰질 않나, 3문제 설정했더니 30문제가 나오질 않나....",1,2022-06-04T19:15:11-07:00,6.62.0,Gabrielus333
372,하….,"왜 오늘 알람이 제멋대로죠…? 안울리고 이상한 시간에 울려서 못일어났잖아요..;;;;;;;; 개빡치네 
폰 보니까 바로 해놓지도 않은 시간에 알람 울리고… 9시 50분, 55뷴 10시에 해놨는데 아무것도 안울리고

지금 중요한 발표 있었는데 이 앱 때문에 없어졌네요 !! 감사합니다~!~!^^",1,2022-06-03T19:46:33-07:00,6.62.0,ㅎㄹㅇ하
373,다 좋은데 비활성화시킨알람들 한번에 삭제할수있게해주세요,꺼놓은알람들 일일히 하나씩 삭제하려니까 너무 오래걸리고 귀찮네요ㅠ,4,2022-06-03T10:19:23-07:00,6.62.0,실행이언되잖아
374,제발 도와주세요,알라미 뭐 잘못 눌러서 언어가 변경된 거 같은데 언어? 나라 변경 어떻게 어디서 하나요 ㅠㅠㅠ,4,2022-06-02T19:27:05-07:00,6.62.0,트롤인형죠앙
375,알람이 안 꺼집니다..,연산 3번 끝냈는데 10번을 해도 무한으로 나오네요.. 아쉬워요..,3,2022-06-01T15:58:22-07:00,6.62.0,보앵❤️
376,항상 잘 쓰고 있어요.,근데 지 멋대로 수학문제 100문제로 바꿔버려서 아무리 풀어도 알람이 안끝나길래 알람은 꺼지지도 않고 핸드폰 강제종료 했습니다. 잠은 확실히 깼네요…,4,2022-06-01T15:49:15-07:00,6.62.0,노블보고싶어요
377,너무 잘쓰고 있었는데 이게 뭔가요ㅠㅠㅠ,최근들어 백그라운드에 깔아놔도 알람음이 안울리고 상단바에만 계속;; 진짜 이거때문에 두시간 늦게 일어나고 미치겠네요. 도대체 뭐죠.. 그동안 잘 쓰고 있었는데 이거때매 망한게 벌써 세번이 넘어요. 백그라운드에 깔아놔도 이러니 문제 있는거 아닌가요..,2,2022-05-30T19:36:56-07:00,6.62.0,쀼뀨쀼뀨뀨
378,언제부턴가 수학문제 3문제로 맞춰놓으면,막상 알람시간되면 무슨 50문제 풀도록 나와있네요 버그좀 고쳐주세요;; 지금까지 안하고 뭐하는지;;,3,2022-05-30T14:10:13-07:00,6.61.1,왜이리괜찬은건지
379,"안녕하세요, 평생 무제한 사용자입니다.","안드로이드에서도 iOS에서도 평생 무료 사용자라 감사하게 잘 쓰고 있습니다. iOS의 경우는 2년 전쯤에 메일을 주고 받으며, 평생 회원권에 오류가 있어 Testflight로 베타 버전을 제공받아 사용 중에 있었습니다. 

방금 오랜만에 앱스토어에서 설치를 해보니 계속 프리미엄 혜택이 초기화되고, 앱 강제종료를 하면 구매복원을 계속 해줘야하는 상황이 발생합니다. 이부분 혹시 해결이 가능할까요?? 메일로 커뮤니케이션 원하시면 주소 남겨주시면 감사하겠습니다! (안드로이드에선 전혀 문제가 없습니다!)",5,2022-05-28T01:34:55-07:00,6.61.1,타이키키
380,기본 기능인 알람이 울리지않을때가 있음,"꽤 오래 사용해왔는데 몇년전엔 이런일이 없었던거 같은데 최근 몇달간 알람이 이상해요
알람을 10분 간격으로 여러개를 설정해놓는데 첫번째 알람만 울리고 나머지 알람은 감감 무소식..
뒤늦게 앱을 백그라운드 종료하면 그제서야 울린다던지,, 정말 웃기는 알람입니다 ㅠㅠ",1,2022-05-27T22:44:01-07:00,6.61.1,fhsownd
381,배터리,"알라미 앱 진짜 잘 사용중이었는데 최근 휴대폰을 만지지 않았음에도 4시간만에 휴대폰이 방전되는 일이 벌써 일주일새 세번째입니다
처음엔 휴대폰이 고장난건가 싶었는데 비교적 최신 기종인데다 배터리 성능도 높아서 사용퍼센트를 조회해보니 이 어플 때문이더군요,,
앱 자체문제인 것 같은데 어떻게해야하나요?",3,2022-05-27T02:36:50-07:00,6.61.1,ㅇㅇㅇㅇㅇㅇㅇㄹㅍㄹ
382,20220527,제발 알람 울릴 때 백그라운드 재생 좀 멈춰주시면 안 될까요.. 노래나 영화보고 있다가 알람 울리면 진짜 미안해죽을 것 같아요 ㅜㅜ 날 깨워주기만 하면 되는데 내가 뭘 보는지 사방팔방으로 울려대니까 무서워요,5,2022-05-26T17:02:44-07:00,6.61.1,태리수
383,지 맘대로 울려;;,알람어플이면서 진짜 한번씩 안울릴때마다 날 너무 힘들게하네 ㅋㅋㅋ; 개짱나는 알라미 ㅠ,1,2022-05-25T21:12:04-07:00,6.61.1,앱그따구로관리하지마라
384,정말 좋은데,앱을 켜두기만 하거나 울렸다 껐다 이런식으로 반복하면 핸드폰이 엄청 뜨거워지고 배터리소모가 너무 심해요,5,2022-05-25T16:00:14-07:00,6.61.1,ㅜ루락 해ㅓㄹ
385,알람이 안꺼져요,항상 흔들기로 알람끄게 해놨는데 갑자기 안되서 던져도 보고 어떻게 해도 안꺼져서 결국 지웠다가 다시 깔았습니다 ㅠㅠ 버그인가요?,3,2022-05-25T15:39:48-07:00,6.61.1,러셀토끼
386,쓰긴쓰는데,좋아서 쓰긴 쓰는데 앱 삭제 못하게 해야됨. 중간에 빡쳐서 강제로 삭제한적 개많음ㅋㅋㅋ 지금 10번 정도 재다운로드 한거같다,5,2022-05-24T05:44:31-07:00,6.61.0,15242525
387,너무일찍일어남!😱,제가4:30 분에 알림했는데 4:37분에 일어남 ㄷㄷ,5,2022-05-23T16:33:21-07:00,6.61.0,정말재밌는 게임
388,잘쓰다가,흔드는거 인식이 안돼서 오늘 삭제했엉요;;; 무슨일인가요 ㅠ,3,2022-05-23T10:08:30-07:00,6.61.0,늉융이
389,배터리 잡아먹는 주범,"최근에 배터리가 너무 빨리 달아서 확인해보니 원인이 이 어플이었습니다.
아이폰 11 약 2년정도 사용했는데 6시간만에 배터리 75%가 달았습니다. 가끔 인스타 보는거 빼고 거의 사용도 안했는데 배터리가 노후됐다고 해도 이정도는 너무 심하다고 생각해서 배터리 사용량을 확인해보니 알라미가 50% 이상을 차지하고 있었습니다. 백그라운드에서 활성화만 되고 있는데 이정도 배터리를 소모하는게 말이 되나요? 백그라운드에서 위치 계속 추적하고 있는 어플도 같은 시간동안 단 1%만 차지하고 있었습니다. 너무 수상하고 .. 저는 삭제하겠지만 그런게 아니라면 빠른 개선이 필요해 보입니다.",1,2022-05-23T09:32:18-07:00,6.61.0,금복복
390,한가지 매우 거슬리는 문제,유튜브를 보는 도중 알람이 울릴 경우 유튜브 소리가 지나치게 커져서 놀라네요. 이 경우 많이 빡치네요. 유튜브 소리를 뮤트하고 알람 소리만 울리게 기능변경 추천드립니다.,1,2022-05-22T19:34:43-07:00,6.61.0,몰래몰래몰래
391,이거 없었으면 최고의 지각충이 됐을듯,"냉장고에 바코드 찍어야 깨게 만들어놔서 무조건 일어나야됨 ㅋㅋ 부엌에 가서 알라미 찍고 물한잔 마시면 잠 깸 개꿀

❗️아이폰 음악 선택 안되는 분들은 설정 들어가서 알라미 앱 들어가서 미디어 및 애플뮤직 접근허용 활성화 하세용~",5,2022-05-22T07:33:49-07:00,6.61.0,아이패드로 하면 더 재밌을거야
392,갑자기 소리가 안나여,빨리해결좀여,2,2022-05-21T19:48:48-07:00,6.61.0,2424760
393,왜 자동결제 된거죠?,예전에 해지한걸로 알고 살 생각도 없어서 앱 지웠는데 왜 자동결제 된거죠? 그것도 1년으로? 지금 카드에 돈이 없어요 71000원 자동 결제되서 진짜 빨리 환불해주세요 너무 당황스럽고 어이가 없네요,1,2022-05-20T15:57:14-07:00,6.61.0,12하ㅅ .ㅂ
394,동영상이나 노래 틀어놓고,알라미 울리면 내가 듣던 노래가 엄청 커지고 문제 풀기 전까지 안꺼지던데 저만의 문제인가요? 그렇다면 개선 부탁드립니다 ㅠㅠ 알람을 많이 맞춰야하는 상황이라 이런게 좀 많이 불편하네요 그것 빼고는 다 좋아요,3,2022-05-19T19:27:02-07:00,6.61.0,미미미192929201
395,하아ㅏㅏ 알람 안울리던 거 고치니 또 버그...,"고딩때부터 썼으니까 5년 정도 썼는데요... 알람이 한 3개월 정도 안울리길래 다른 어플과 같이 사용했는데, 어제 업데이트 뜬 거 보고 이젠 알람 울리려나 하고 써보니까 알람 소리가 ㅋㅋㅋ 갑자기 ㅋㅋㅋㅋㅋ 제 지니뮤직을 실행해서 ㅋㅋㅋㅋㅋㅋㅋ 노래를 아주 크게... 틀어주네요....",2,2022-05-16T16:21:02-07:00,6.60.0,으아어어오ㅜ어
396,갑자기 소리가 안나요,어느날부터 알람이 안울려요 그런지 몇달 되어가요. 그래도 어쩌다 한번씩 울려서 그냥 써보는데… 무음모드도 풀고 방해모드도 다 풀었어요 당연히 쓰던대로 했는데 안되네요 ㅠㅠ,4,2022-05-16T09:05:10-07:00,6.60.0,YuJnB
397,불편해요,"진짜 다른 거 다 좋은데
화면을 꺼 놓으면 알람이 소리만 나고
알라미 앱에 들어가야 알람을
끌 수 있더라고요
가족들한테도 는치보이고
비몽사몽한데 앱 찾아서
들어가는 것도 너무 불편해요 고쳐주세요ㅠㅠ",3,2022-05-15T06:43:50-07:00,6.60.0,ㅈㅂㅠㅠㅠㅜㅠㅠ
398,요후..깜놀했어요..,"정말 못일어나는 저에겐 좋은 앱인데 제가 오후를 오전으로 잘못맞춰서 새벽에 알람이울리는 대참사가있었는데 미션이 흔들기였거든요..? 근데흔들어도 안꺼지고 알람소리만 커지는거잇죠ㅜㅜ 손목이..흑흑 센서감지같은게 더 잘됐음 좋겠어요., 결국 강제로 지웠다 다시 깔앗답니다..^^",4,2022-05-14T07:19:25-07:00,6.60.0,나나나나노노노노ㅋㅋㅋㅎㅎㅎㅇ
399,좋아요,"오랜기간동안 잘 쓰고있어요 
다만 제가 귀차니즘이 심한지라..
알람이 필요하면 그때그때마다 새로운 알람을 추가해서 사용하거든요 하지만 그러다가 그 알람이 필요없어지면 수없이 많은 알람들 속에서 활성화되어있는 알람을 뺑뺑 찾아다녀요..
왼쪽 상단에 다음알람이 몇분뒤에 울린다는 표시를 누르면 곧 울리는 알람으로 이동되었으면 좋겠어요
물론!! 이런기능 없이도 잘 사용하고 있어요 그냥 개인적으로 있었으면 좋겠다~ 하는 기능을 한번 적어봤어요!
좋은 어플 감사합니다~",5,2022-05-13T18:38:29-07:00,6.60.0,.!.!!.!.!!.
400,굿굿,아니 어이없는게 자기전에 얼굴사진 찍고 잤는데 일어나서 얼굴사진찍으니까 너무 부어서 인식을 못하더라고요ㅋㅋㅋㅋㅋㅋㅋ 그래서 결국 30분동안 핸드폰 꺼둠 ㄷㄷ;,5,2022-05-13T14:42:46-07:00,6.60.0,힞지ㅣㅣ지ㅣ
401,그래두 감사함니다,"아침잠 많아서 항상 잠드는게 두려운데 그래두 알라미 덕분에 일어날 시간에 눈은 뜰 수 있게 됐어요.. 감사합니다 
미션을 해두니 미션 하기 귀찮아서 그냥 미루기 계속하거나 무시하고 자버리니 하하하하ㅏㅘㅘㅘㅏ
알라미 잘 활용해 보도록 할게요
감사합니다",4,2022-05-13T10:49:17-07:00,6.60.0,고쳐고쳐고쳐줘요
402,사용자를 너무 잘 아는듯ㅋㅋ,"어젯밤에 깔아서 오늘 아침에 처음써봤고 바로 씻으러가게 걷기로 설정을 해놨고 한번에 못일어날거 생각해서 일찍 알람맞춤.
아침에 알람이 울려서 끄려고 눈감고 흔들었는데 부정적인방법은 안된다했나 아무튼 뭐라하면서 안꺼짐ㅠ결국 일어나서 걷다보니 꺼짐ㅎㅎ 문제는 알람을 원래 일어나는 시간보다 빨리 맞춰놔서 너무 빨리일어나게되어 다시 침대로 슝ㅋㅋ
미리 알람 안맞추고 원래 일어나려던 시간에 맞추면 될것같음. 무료체험인데 하루만에 너무 좋아서 7일 끝나면 구매할거임.",5,2022-05-12T20:33:54-07:00,6.60.0,배바느늩아어어
403,원래는 잘쓰던 유저입니다,폰을 바꾸면서 다시 알라미를 깔았는데 알람이 안울리더라고요 기기 문제인가 싶어서 폰을 새로 삿는데 새로산폰에서도 알람이 전혀 안 울립니다 ;;; 이제까지 잘 써왔는데 못 일어날까 걱정되서 앱을 더 쓸 수 있을지는 모르겠어요... 빠른 수정 부탁드려요,5,2022-05-12T06:32:21-07:00,6.60.0,어ㅐ민
404,알람이 안울림,울리다가 가끔은 안울리는게이거때문에 회사면접이랑 알바첫출근 놓침ㅋㅋ 고등학생땐 이거만 써왔는데 ㅋㅋㅋ,1,2022-05-11T21:07:39-07:00,6.60.0,김갬김
405,아이폰,"제발 앱을 지우거나 전원을 못 끄게 막아주세요 
진짜 삼성일때는 앱을 못지우게 설정하는 것도 있었고 전원을 못 끄게 하는 것도 있었는 데 아이폰으로 갈아타니까 없어서 너무 슬펐어요 삼성 쓸때는 아침에 무조건 일어나게 됐었는 데 요즘은 아침에 그냥 앱을 지워버려서 하루에 한번씩 깔아야돼요 제발료…",5,2022-05-11T08:43:11-07:00,6.60.0,아 뭐 어쩌라는거
406,듣고 있던 노래가 전철에서 스피커로 재생됨,"아침7시 반 - 설정시간에 울리기에 알림화면에서 <오늘 더이상 울리지 않음> 체크. 출근길 전철에서 별안간 (9시 15분쯤) 울리기 시작하면서 평소 알람소리도 아니고 그 때 이어폰으로 재생중이던 노래가 스피커 최대음량(알람 맞춰놓은 볼륨인거 같음)으로 재생됨. 멘붕상태로 핸드폰 30번 흔든 다음에야 꺼짐.. 원래 이렇게 느닷없이 이어폰 이용중과 상관없이 울리는건지..(설정화면에 관련 항목-이용중인 스피커 어쩌구 체크되어 있는건 확인 했습니다.) 

같은 경험 다시는 하기싫어서 바로 앱 삭제.
다시 생각해도 등에서 땀나네요.",1,2022-05-09T22:04:14-07:00,6.60.0,닠킼
407,원스트라이크아웃,"방해금지 모드, 백그라운드 실행 등 조금 불편함이 있었지만 그걸 감수해서라도 쓸만큼 좋은 알람 앱이었습니다.
다만 금일 아침 정상적으로 알람이 울렸어야할 상황인데도 소리가 안 나고 알림만 엄청 나와있더군요,,
다른 사람들의 오류가 있다는 리뷰를 보긴 했지만 꽤 오랫동안 이 어플을 써왔던 제가 그 일을 겪게 될 줄은 몰랐네요
또 언제 이런 일이 발생할지도 모르고, 또 제 일정에 차질이 생기는 건 원치 않기에 한 번의 오류임에도 어플을 삭제하기로 마음먹었습니다 그 동안 잘 사용했습니다.",1,2022-05-09T11:04:48-07:00,6.60.0,번덜
408,...............?,"그냥 지인한테 소개 받았는데 뭐.... 나쁘지 않으것 같아요.
유료로 구독했었는데 혜텍이나 별다른 변경사항이 없어서 구독 해지 했어요. 근데 이건 제 문제점인데 제가 기상체크를 하고 다시 자버려서 😅 기상채크를 여러변 할 수 있렀음 좋겠어요. 한 번 하고 끝나니까 다시 자게 되더라고요.
이런 것만 어니며뉴좋아요",5,2022-05-09T07:41:57-07:00,6.60.0,시아체리
409,휴대폰 소리랑 알람 소리랑 따로 해주세요,에어팟끼고 음악 듣다가 알람 울리면 스피커로 엄청크게 음악이 나와요 이거때문에 스트레스 너무 받아서 지움;;,1,2022-05-09T00:16:28-07:00,6.60.0,cavwall
410,유용해요,아침부터 간단한 연산문제도 풀고 잠도 깰 수 있어서 좋아요,5,2022-05-06T12:50:09-07:00,6.60.0,wooanjung
411,좋아요 오래 쓰고 있는 앱!,"정말 몇년째 쓰고 있어요
한가지 최근에 갑자기 사진으로 해제하는게 안되요 ㅠ 사진 똑같이 찍어도 다르다고 나오네요",5,2022-05-05T16:59:40-07:00,6.60.0,사사어슝뵤
412,이건 진짜 돈주고 사야함,진짜로 설정만 잘맞춰놓으면 아이폰같은경우 무의식적으로 눈떠서 위로 스크랩해서 지우고다시 눕거나 소리 줄이기 다반사인대 이건 그런거없음 알람듣고 못일어나면 소리 더 커짐 ㅋㅋㅋㅋㅋ,5,2022-05-05T07:26:15-07:00,6.60.0,dkmmwod
413,갑자기 울려요,알람을 설정하지도 않았는데 갑자기 울리는건 뭔가요..?,2,2022-05-05T04:44:59-07:00,6.60.0,수학구거
414,데이터 사용량이 이상함,"단순 알람 앱인데 데이터 사용량이 넷플릭스보다 높음
배터리 사용량도 내가 사용하는 앱 중 단독 1위임

백그라운드에서 뭘 수행하고 있는지 모르겠지만, 굉장히 이상하고 꺼림칙해서 못쓰겠음",1,2022-05-04T20:17:23-07:00,6.60.0,영풍제지천일
415,아알람안울림…..,3개맞췄는데.하나도안울렸어요ㅅㅂㅠ,1,2022-05-04T18:58:21-07:00,6.60.0,ㅡㅡㅡㅡㅡㅡㅡㅡㅡㅡㅇ
416,알람이 안울리는 경우가 많음,에바..저는 제가 요즘 정말 못 일어나길래… 진짜 많이 피곤한가보다라고 생각을 했는데 알아서 8시에 눈을 딱 떴는데 핸드폰이 정말 고요하더라고요…ㅎ …아이폰으로 사용하기엔 많은 변수가 있는 것 같아요…,3,2022-05-04T09:02:17-07:00,6.60.0,뚜띠630
417,하,"자기 전에 5시 20분 6시 5분 분명히 평소처럼 알람 맞춰 놓고 잤는데 안 울려서 6시 50분 넘어서 일어남;
대학교 1학년 때도 이랬는데 왜 한 번씩 전혀 안 울리는지 모르겠음",1,2022-05-03T15:00:16-07:00,6.60.0,애기상어
418,사기당한거 같은기분,"몇년동안 사십만원 넘게 비용이 나가고 있었어요
2월달도 71,000
환불도 않되네요
계정들 확인해보세요
첨부파일 같이 보내고싶네요",1,2022-05-02T18:05:00-07:00,6.60.0,잘살피자
419,괜찮음,괜찮슴니다,5,2022-05-02T09:20:25-07:00,6.60.0,아이쿠호오노
420,.,알람이 안울려요;;;,1,2022-05-01T16:24:27-07:00,6.59.1,닉네임이다앙
421,알람이 안 울리는 경우가 많음,"알라미 앱은 유용해서 1년 넘게 감사히 잘 사용하고 있는데요, 알람이 안 울리는 경우가 빈번하게 발생하고 있어요. 예전에는 알람 켜두면 다음 날에도 계속 그 시간에 알람이 울렸었는데 요새는 꼭 자기 전에 확인 차원에서 설정을 해두고 자야 알람이 울리네요.. 좀 번거러워요. 심지어 이렇게까지 확인하면서 설정해놔도 알람이 안 울리는 경우도 있고요. 이 점 고쳐주세요.",4,2022-04-29T15:21:19-07:00,6.59.1,제발 의견 반영 좀 부탁합니다.
422,알람이 왜 안 울림?,"아니 왜 진동만 울리고 알라미 안 울려요?
이거 이런지 몇개월은 된 것 같은데..
개선해야 되지 않을까요..?",1,2022-04-28T16:29:25-07:00,6.59.1,진짜 렉 오짐
423,ios 15.4 업데이트 이후로 안 울립니다,"알림이 안 울릴 시 설정 메뉴 확인해라고 하는데
설정>알림 자체에 알라미 어플이 없는데 어떻게 확인을 하면 좋을까요 .^^
유료 하고 싶었는데 .,,, 고민 좀 해보아야겠어요
그리고 최대 음량으로 설정하면 아이패드에서는 괜찮은데 아이폰은 소리가 너~~무 작어요 ㅠ",1,2022-04-28T09:45:16-07:00,6.59.1,물이 맑을
424,알람이 작동을 안해요…,요즘들어서 알람 너무 안울립니다. 평소에 기능이 좋아서 친구들한테 추천도 할 만큼 잘 쓰고 있었습니다. 하지만 알람이 제대로 울리지 않는다면 아무리 좋은 기능들이어도 무용지물이겠죠.. 백그라운드에서 제가 종료한적도 없었고 그냥 알람 맞춰두고 그대로 폰 엎어두고 잤습니다. 근데 왠지 요즘들어 알람이 잘 안울리더군요.. 버그인지 뭔지 모르겠지만 얼른 고쳐주세요,3,2022-04-27T20:29:11-07:00,6.59.1,nonghyeopjoa
425,알람이 안울려요,결국 강제 자체휴강 때렸습니다………,3,2022-04-27T18:16:13-07:00,6.59.1,38282920
426,사진미션오류,사진미션오류가 너무심해요 이것때문에 지웠다깔았다 아침에 지랄을 몇번이나 하는지 리뷰쭉읽어보니까 저만 그런는것도 아니고 답변도 뭐 고치고있다하는데 아직도 이 상태면 사진기능을 없애는게 맞는거같네요,1,2022-04-27T15:33:14-07:00,6.59.1,hfrhebnesswx
427,진짜 추천드려요!!,"진짜 너무 너무 엄청 엄청 좋아요 
제가 원래 항상 늦게 일어나서 항상 아침이 분주하고 바빴는데 이 앱 깔고 나서 진짜 많이 고쳐졌어요
옛날에는 7시 30분 쯤 엄마 목소리에 겨우겨우 일어났다면 요즘은 5시~6시 30분 사이에 무조건 일어나요
그리고 모닥불소리? 그거 듣고 자면 진짜 잠도 잘와오
원래 리뷰 진짜 안쓰는데 너무 고마운 앱이어서 써요
그리고 QR코드 스캔해서 하는거가 진짜 아침에 일어나기 최강입니다 항상 감사해요",5,2022-04-25T06:13:55-07:00,6.59.1,나히._.0519
428,덕분에 빨리 일어나요!!ㅋㅋ,제가 원래 잘 깨지도 않고 졸린채로 학교를 갔었는데 알리미 덕분에 빨리 잠에서 깨요!! 좋은점은 깨고나서 날씨나 운세 같은걸 볼수 있어서 정말 좋아요 ㅎㅎ 그리고 알람 울리고 나서 문제 푸니까 아침에 머리가 잘 돌아가기도 했구요ㅎㅎ 알리미 정말 좋아요!!,5,2022-04-25T06:01:27-07:00,6.59.1,토스카나동굴의 소보로빵
429,안울린다고요....,"잘 되다가 도대체 왜 한번씩 애가 소리는 안나고 화면만 뜨거나 실행자체가 안돼요
이거땜에 결석했네",1,2022-04-24T21:27:13-07:00,6.59.1,염루비
430,개선 사항,배터리 소모량이 너무... 많습니다 ㅠㅠ,3,2022-04-24T20:54:18-07:00,6.59.1,You and IU
431,이어폰으로 듣던 소리가 밖으로 나와서 스트레스예요,이어폰으로 듣던 소리가 밖으로 나와서 스트레스예요. 저뿐만아니러 알리미 사용하는 다른 사용자들도 그것때문에 힘들어하고있어요.,1,2022-04-24T16:57:23-07:00,6.59.1,교ㅑㅐㅏㅠ주ㅏㅇ
432,어떡하죠 그냥 앱을 지우고 다시자요,수학문제 풀기로 해놨는데 수학 문제 풀기 싫어서 그냥 앱을 지워버리고 다시 자요 ㅋㅋ;; 그래서 지금 지웠다 깔았다 182736번 반복하는데 이거 맞아요? ㅋㅋ,5,2022-04-23T09:51:39-07:00,6.59.1,통합계정개극혐
433,최고,효율입니다,5,2022-04-23T06:41:59-07:00,6.59.1,범지수
434,정말로 잘 쓰고있습니다만 건의사항이 있습니다,"알람이 울릴 때 진동이 무조건 같이 울리는데 진동을 비활성화 시킬 수 있도록 해주세요.
가끔 사흘씩 밤 새고 잘 때나 너무 피곤한 경우 아예 알라미조차 못듣는 경우가 있는데 세시간동안 진동이 계속 울린다는게 핸드폰 수명을 너무 깎아먹는다는 생각이 듭니다.
가끔 한두시간만에 깨서 폰을 만져보면 화들짝 놀랄만큼 뜨겁고 폰도 쓰로틀링이 걸려서 사용이 불가능할 정도로 버벅거려서 강제종료 시키고 식혀야할 정도인 경우가 가끔 일어납니다. 
부디 진동을 비활성화 시킬 수 있는 기능을 넣어주세요",4,2022-04-21T15:27:32-07:00,6.59.1,쿠키런 허니잼
435,알람 안 울리는 오류 좀 고쳐주세요ㅜㅠ,가끔 알람 못듣고 뒤늦게 일어나서 폰을 보면 소리는 안 나고 알림창에만 뜨고 있더라고요.. 제가 못들은건가해서 한 번은 알람보다 일찍 일어나서 기다렸는데 진짜로 안 울리고 있던 거더라구요ㅜㅜ 제발 고쳐주시길.. 항상 백그라운드에는 켜두고 있습니다,4,2022-04-21T10:49:49-07:00,6.59.1,아니뭘다쓰고있대
436,최고에요,"이 어플이 없엇다면
어떻게 살앗을까여
고마워요 개발자님",5,2022-04-21T08:50:40-07:00,6.59.1,문수희
437,다좋은데…,엄청 잘쓰다가… 갑자기 안울리는 순간들이있어요 ㅠㅠㅠ 대학생인데 수업 다끝난시간에 일어나서 곤란한 상황도 있었어요… 전 분명히 8시반에 맞췄는데 10시 한참넘어서 앱들어가니까 그제서야 울리더라구요ㅠㅠ 그래도 잘쓰고 있었는데 갑자기 이러니까 속상하네요,4,2022-04-18T18:59:15-07:00,6.59.0,"하과제..,"
438,노래설정,노래 선택 누르자마자 바로 꺼지는데 왜그런가여??ㅠㅠㅠㅠ 제발 이 문제좀 해결해주세여ㅠㅠ,2,2022-04-17T14:53:26-07:00,6.58.0,복숭아빵또아
439,몇년 전부터 너무 잘 쓰고 있었는데 아쉬운 점이 있어요,알람소리 못 듣던 저로써는 너무 혁명이고 절대 없으면 안되는 제 필수 어플인데 어쩌다가 가끔 한번씩 알람이 안 울릴 때가 있어요 일어나서 휴대폰 보면 알람이 몇십개씩 쌓여있는데 소리는 안 나는 식으로 가끔 문제가 있어요 이거 때문에 중요한 일에 늦은 적이 몇 번 있습니다ㅠ 친구도 이 어플을 사용하던데 똑같이 이런 오류 겪은적이 있다고 하더라고요 전 아이폰이고 친구는 갤럭시라서 휴대폰 문제는 아닌 거 같은데 꼭 개선해주시면 좋겠어요,4,2022-04-17T11:05:26-07:00,6.58.0,입시 뒤지길
440,에어팟쓸때,"에어팟쓸때 에어팟으로 알람울리게해주세요
지하철에서 울렸는데 노래듣던게 스피커로나감 아놔",3,2022-04-17T07:04:17-07:00,6.58.0,오랜지히비스커스
441,요즘 너무 심합니다,"수년째 진짜 잘 쓰고 있는 앱인데요
아이폰 사용자입니다
백그라운드에 분명 잘 켜두고 알람 맞췄는데
무음으로 울리는 경우가 너무 많아졌습니다
어쩔 땐 잘 작동하는데요 오늘도 제대로 안울렸어요
최근 저와 같은 증상을 경험한 사람들이 많아보이는데요
빨리 해결해주셨으면 좋겠습니다",5,2022-04-16T00:10:05-07:00,6.58.0,밀릭의 피리
442,결제 관련 문의,안녕하세요 이것저것 눌러보다가 일주일간 무료체험이 결제되어 리뷰 남깁니다. 일주일이 만료되면 다음 달 것도 자동으로 결제되나요? 그렇다면 결제 취소 부탁드립니다.,5,2022-04-14T15:07:40-07:00,6.58.0,슙뷔사귄다
443,하..,알람이 화면 잠금 상태에서 무음으로 울리는 바람에 지각했습니다 .. 이생망..,3,2022-04-12T22:20:27-07:00,6.58.0,빵티쥬
444,왜 안울리노,아니 전에는 무음모드여도 빠딱 깨웠는데 저번부터 업뎃되더니 아예 울리지도 않고 알림만 뜨는데 어케 생각하슈?,1,2022-04-12T15:36:14-07:00,6.58.0,나 임형철
445,미션을 깨야 꺼지니까 앱을 삭제하고 잤네요 ㅋㅋ,.,5,2022-04-12T07:25:52-07:00,6.58.0,수르킹
446,다 좋은데,알람 울리는 도중에 앱 삭제 하지 못 하도록 설정 만들어주세요,4,2022-04-12T07:04:38-07:00,6.58.0,가나다라마바사후후
447,만족도는 5점인데,앱평가하라고 그만좀 괴롭혔으면,3,2022-04-11T22:51:14-07:00,6.58.0,좋다고좋아
448,알람 소리 안울린 덕분에 대학 수업 지각했습니다,이딴 어플 쓴 제 잘못이지요,1,2022-04-11T20:20:50-07:00,6.58.0,a011214
449,한번씩 고장이 나요,"자주는 아니고 한달에 한 번 정도?

일어나서 보면 알라미는 작동 하고 있는데
소리는 안나고 잠금화면에서 진동만 계속 울리고 있어요

비밀번호를 입력해서 잠금화면을 풀면 그제서야 알라미 소리가 울립니다

8시 전후로 10분단위로 여러번 설정 해 두는데
정확한 원인을 몰라서 리뷰에 올려 봅니다",5,2022-04-11T17:21:30-07:00,6.58.0,겅ㄴ퍼ㅗ
450,Great,Really great!,4,2022-04-11T10:37:45-07:00,6.58.0,Miimi321
451,알람 소리 안 울림,원래 그러지 않았는데 요즘 아이폰 무음모드를 켜놓고 지면 알람 소리 아예 나오지 않습니다 왜 그런가요,4,2022-04-11T07:43:22-07:00,6.58.0,암쁘리
452,배터리 광탈,백그라운드 상태로 22시간만에 배터리 20퍼센트 날아가네요. 배터리 상태 93%입니다. 아쉽네요,3,2022-04-09T19:29:01-07:00,6.58.0,V I 에디터
453,애플워치는 지원이 언제 쯤 되나요?,"가끔 버그만 빼면 정말 좋은 어플이죠. 

요즘들어 애플워치를 착용하고 자는데

문득 이 어플은 왜 애플워치에서 지원을 안 해줄까?

애플이 잠금화면을 애플워치로 풀리도록 해서

많이 구매하고 또 사용하고 있는데 워치도 앱을 

지원 해주시는 쪽으로 업그레이드 해 주시면 

감사드려요. 아이폰 취침모드 하고 나중에 깨울때

미세하게 진동울려서 깜짝 안 놀라고 일어날수 있게

그렇게 만들어 주시면 감사합니다",4,2022-04-08T05:24:14-07:00,6.58.0,Kii Me
454,ㅠㅠ너무해,"소리 안울려서 알라미 니자식 때문에 역대급으로 늦잠자고 지각했음 
이제 기본 어플 쓸거야ㅠㅠㅜㅜㅜㅜㅜㅜㅜㅜㅠㅠㅠ",2,2022-04-07T19:44:56-07:00,6.58.0,뉸채는
455,이런,이젠 무의식적으로 알라미까지 완벽하게 끄고 자게 되었다..,3,2022-04-07T09:35:56-07:00,6.58.0,하하하ㅏㅎ하핳
456,배터리 광탈,"전력 소모량이 엄청 나네요. 
폰 꺼져서 못일어날 뻔 함. 
이 어플은 충전하면서 켜놔야겠네요",3,2022-04-05T19:47:33-07:00,6.58.0,OperationResearch
457,최근 들어 알람이 무음으로 울립니다,"2년 넘게 별 탈 없이 사용하고 있던 
알라미 어플이 최근 들어 알람이 울리지 않고 화면만 켜지고 벨이 울리지 않습니다!
저는 사용법을 2년 전부터 숙지해서 그대로 사용 중인데
최근들어  같은 사용자들이 꽤 있는 것 같습니다.
무슨 오류인지 확인이되면 업데이트 바랍니다.",1,2022-04-04T12:09:33-07:00,6.57.1,takeurban441
458,좋아요!!!!,"확실히 알람 맞춘 시간에 일어날 수 있어서 정말 좋습니다. 
아 그리고 메모 기능이 추가 되었으면 좋겠어요!
알람 뜰 때 직접 쓴 메모가 같이 보이면 좋을 것 같아요~^^",5,2022-04-04T10:41:48-07:00,6.57.1,hihoaes
459,너무좋고 잘 사용하고있습니다 !,"너무좋고 다 좋은데 알람 설정한데 의도치않게 실행종료가 불가능한 상황(예를들어 바코드 인식해야 꺼지는 경우)에 다른 모션을 취하면 종료할수있게하는 기능이 있으면 좋겠어요 ! 예를 들자면 강제종료버튼을 여러번 클릭한다던지, 여러번 흔든다던지요 .. 저의 실수긴 하지만 독서실이나 강의실처럼 정숙한 분위기를 요하는 공간에서 알람이 울려서 낭패였던적이 한 두번 있다보니 사용하기가 약간 무서워지네요.. 피드백 받아주시면 정말 감사하겠습니다 ❤️",5,2022-04-04T09:04:27-07:00,6.57.1,wudhfhfell
460,배터리 소모,앱은 좋으니 배터리소모량이 커서 이제 안씁니다.,1,2022-04-03T16:38:18-07:00,6.57.1,ukjinuk
461,벌써 60일,"벌써 60일이라고 해서 왔어요😮
너무 잘 일어나져서 만족하고
계속 유용하게 사용 할 것 같아요ㅎㅎ
앞으로도 더 좋은 업데이트 기대하면서
잘 사용하고 있겠습니다:)",5,2022-04-03T12:24:19-07:00,6.57.1,SSHEBAL
462,버그만 고친다면,5점 될 것 같네요. :),4,2022-04-02T11:03:06-07:00,6.57.1,승호0123
463,배터리소모 문제,"자다가 일어나서 핸폰 발열이 심해서 배터리 사용량 보니 절반 이상을 차지 하네요. 실제 실행시간 4시간, 백그라운드 17시간 이면 하루 종일 활성화 되어 있다는 얘긴데..

앱을 종료 하지 않으면 핸드폰이 계속 켜져 있는거 보면 문제가 있는듯 합니다.",1,2022-04-01T15:38:02-07:00,6.57.1,bushcorgi
464,진짜 이건아니지,알람 어플 이거만 썼는데 요즘들어 울리질 않아요 평소랑 똑같이 해 놨는데도... 고쳐지면 말해주세요 그 전까지 안 쓰게...,1,2022-03-31T18:02:30-07:00,6.57.1,4.5주고싶은데4.5가없어서반올림했어요
465,이거 개족같애요,자고싶은데 못자게 방해해요. 아침잠 많아서 더자고싶은데 작년 1년동안 못일어난적 한번도없음,5,2022-03-31T03:22:20-07:00,6.57.1,분당설아요
466,사진으로 알람해제가 안됩니다 ㅜㅜ,"찍어야하는 사진을 설정하고 미리보기까지했을때는 알람해제가 잘됐는데, 정작 아침에 실제로 해제를해야 할때는 사진을 인식못하는것같아요. 
사진해제난리도를 최하로 했으며, 별로 복잡하지않은 사진임에도 여러번 그랬습니다.
안꺼지는게 당황스러워서 어플을 어려차례 지워야했어요. 
이유가 뭘까요?",1,2022-03-30T20:38:57-07:00,6.57.1,zzcooczz
467,프로 앱은 사라진건가요..?,"오래전부터 유료로 사서 잘 쓰고있었는데요
어느날부터인가 이상하게 진동으로만 울려서 피드백을 남겨야겠다 하고 앱검색을 하는데 안뜨네요..
이제 아예 없어진건가요?
전에 구입한 사람들은.. 어떻게 하죠.. ㅠ

아침잠이 많아서 매우 유용하게 잘 쓰던 앱이거든요
요즘 이상하리만치 제가 못일어나서 내가 피곤한탓인가 했는데 진동으로만 울리는걸 봐버렸네요
무음으로 해놓지도 않았고 소리도 최고로 키워놨었거든요

혹시나 앱지원이 끊겨서 이런 오류가 일어난건가 싶어 피드백 남깁니다",4,2022-03-30T17:48:46-07:00,6.57.1,심즈를 못한지 한달
468,삶을 바꾸게 된 어플,인생어플입니다,5,2022-03-30T08:28:28-07:00,6.57.1,비로08261
469,아아 또 지각,"무음모드만 하면 진동으로 돼서 지각하네요 ㅋㅋ
피곤한데 무으모드 매일밤 홛인하고 잘수도 없고 
또 지각하게 되니깐 못사용하겠어요 기본으로 돌아가야겠네요",2,2022-03-29T16:36:45-07:00,6.57.1,ㅇᆞㅇᆞㅇᆞㅇᆞㅇ
470,백그라운드에 분명히 놓아놨는데 알람이 안울리네요,분명히 백그라운드에 앱을 두고 잤고 다시 확인해보니깐 백그라운드에 놓여있던 상황인데도 아침에 알람이 안울리네요 항상 이것만 믿고 잠에 들었는데 저번주부터 울렸다 안울렸다 하네요 좀 어케 해봐요 아니 자꾸 지각하잖아 미치겠어,5,2022-03-29T15:47:04-07:00,6.57.1,ㄹ제달요
471,알람이 안울려여,강제정료안했는데 가끔 안울리더라구요…? 중요한널 그런적있어서 개빡쳐서 씁니다….ㅋ,1,2022-03-28T18:56:43-07:00,6.57.1,두부밈
472,왜 왜 대체 알람이 가끔씩무음으로 울릴까요?,진짜 몇년 째 쓰고 있능데 몇달에 한번씩 무음으로 울려서 지각할뻔 한적이 한두번이 아니네요 이제 갈아타야 할 때가 됐나봐요,4,2022-03-28T17:12:50-07:00,6.57.1,ㅠㅠㅠㅠ이게뭐니
473,알람이 안 울려요,시간이 지나도 안 울려서 뭐지 싶어 들어가면 그 때서야 울리네요,1,2022-03-27T12:57:38-07:00,6.57.1,빠앙찌
474,완전 짱!!,유료를 할려했는데 제가 결제가 안되서 조금 슬픔거 빼고는 알림 소리도 저한테 맞게 설정하고 앱 색감이나 문제 맞추기 등등 진짜 환상적…👍,5,2022-03-27T10:42:56-07:00,6.57.1,하나><
475,갑자기 안됨,갑자기 안됨 ㅋㅋㅋㅋ 그래서 늦음 하 진짜 킹받네 하루는 잘 되드만 그 담날부터 안울림,1,2022-03-27T08:39:56-07:00,6.57.1,시어저동
476,잘사용중입니다,안드폰 쓸때부터 사용했는데 아이폰와서도 사용 ㅎㅎ,5,2022-03-27T07:46:36-07:00,6.57.1,안주는뭘로
477,가끔 렉이 걸려요,가끔 렉걸려서 알람이 안울려요 ㅜ,3,2022-03-26T08:59:23-07:00,6.57.1,최ㅠ린
478,다 좋은데 소리설정이 이상하네요,"미션을 할 때는 무음모드가 되는거 아닌가요?
휴대폰으로 동영상을 보다가 알람이 울리면 알람소리가 안나고 틀던 동영상 소리가 알람소리 크기로 커져요
너무 놀라서 미션을 시작했는데 미션을 시작해도 소리가 안꺼져서 당황했네요. 같이 사는 사람들 다 깨웠네요. 음량버튼을 눌러도 소용이없고 휴대폰 자체 무음을 설정해도 소용없고 너무 놀래서 퀴즈는 계속 틀리고. 그렇다고 동영상 앱에 들어가서 끄려고 해도 계속 알람화면 뜨고 대체 어쩌라는건지 모르겠네요.",2,2022-03-25T13:21:30-07:00,6.57.1,홫ㅅ
479,알라미 언어가 갑자기 바뀌었어요,알라미 잘 사용하고 있었는데 갑자기 기본 언어가 한글이 아닌 다른 나라 언어로 되어 있는데 어떻게 바꾸나요?,2,2022-03-24T14:44:17-07:00,6.57.1,판다탱이
480,굿이에요 굿~,이것은 아주 똑똑한.😎😎😎😎😎모바일 등록.아주 좋은 어플.유용한!,5,2022-03-21T07:21:45-07:00,6.56.1,아 어쩔티비~
481,배터리 개삭제시키는 갓갓 알람앱,"알람앱 따위가 백그라운드에서 뭘 하는지는 몰라도 24시간 상시 작동하면서 배터리 개삭제시켜주네요

알람대신 삭제되는 배터리로 정신이 번쩍들게 해주는 신개념 알람앱 적극 추천합니다.",1,2022-03-20T21:53:46-07:00,6.56.1,갓알라미
482,환불 어떻게 하죠ㅜㅜ,일주일 사용해봤는데 그냥 그래서 기본으로만 사용 하려고 하는데ㅜㅜ 환불 방법이 없네요ㅜㅜ,3,2022-03-20T17:11:20-07:00,6.56.1,라헤루
483,앱삭제 방지 기능 추가좀..,"예전에는 있었던 기능이라 편리했었는데
왜없앤건지 이해가안가네요..
그리고 오늘의패널 같이 쓸데없는 화면 생긴것도
비효율적이라 생각하고요 알람해제하고 바로 알람설정화면이 보여야 하는데 그걸 굳이 설정가서 조정해야 한다니 참..",1,2022-03-20T15:23:01-07:00,6.56.1,mlsldoigmw
484,소리가 갑자기 작은채로 고정,"어느날부터 알람이 안울린다 싶어서 일찍일어나서
기다려보니 알람소리가 엄청 작은채로 나네요
따로설정 한것도 없고 앱도 한번 껏다 켰는데 
계속그러고 왜이러나요",1,2022-03-20T15:11:37-07:00,6.56.1,부추오리고기
485,알람이 꺼지질 않습니다.,알라미 덕분에 잘 일어나던 사람인데요 최근에 알라미 앱을 사용했을 때 알람이 꺼지지 않더라고요. 미션하는 창도 뜨지 않구요 터치도 안됐어요. 앱을 삭제해야 꺼져서 다시 깔아봤는데도 똑같았어요 일시적인 오류인 건가요? 인터넷에 검색해도 나오지 않아서 리뷰 남겨봅니다. 이거 왜 이런건가요?,4,2022-03-20T09:33:18-07:00,6.56.1,내 1년 돌려도
486,학교에서 벌점을 받지 않게해주는 앱!,"대한민국의 고등학생으로서 매일 아침 힘든 잠과의 전쟁을 벌이고 있습니다. 
그래도 매일 지각을 하지 않을 수 있었던것은 바로 이 알리미 앱이 있었기 때문입니다. 그동안 그 어떤 알람앱도 절 깨우지 못했는데, 알리미는 정말 끄기 전까진 꺼지지 않더군요,,, 알람 한 10개정도 맞춰두면 앱을 강재종료하지 않는이상 무조건! 일어니게 되어있습니다…제가 인증합니다…개인적으로 결제까지 해서 더 많은 알람을 즐기고 싶지만 절대적으로 저의 용돈이 부족한 탓에 결제는 하지 못하고 있습니다…용돈이 올라간다면 꼭 결제할겁니다..저에게 앱을 3개만 남기고 모두 지워야한다고 한다면, 저는 주저하지않고 카카오톡, 유튜브, 그리고 알리미를 남길겁니다..이상 조촐한 고등학생의 리뷰였습니다..개발자 분..정말 감사합니다. 대한민국 고등학교 2학년인 저 박모양이 학교에 벌점을 받지 않고 다닐수 있는건 모두 개발자님 덕분입니다",5,2022-03-19T09:21:56-07:00,6.56.1,서울대학교 식물생산과학부 24학번
487,좋아요,기존에 쓰던 알람을에 비해서 더 좋은데 가끔가다 설정도 안해놓은 알람이 혼자 설정되서 갑자기 혼자 울리는거 빼면 다 좋은거 같아요,5,2022-03-19T03:48:22-07:00,6.56.1,뭐지 도대체..
488,갈수록 못쓸 앱,"멍청한 스쿼트는 왜 넣어둔거임?
아무리 자세 맞춰도 인식 거지같이 되는거 보고 몇년간 쓰던거 바로 칼삭 간다",1,2022-03-18T17:13:09-07:00,6.56.1,DaveDev42
489,수험생에겐 최고의 어플,"화장실 앞 체중계 사진 알람해놓고
코시국에 집공하는데
낮잠20분 잘때도 사용합니다. 정말 좋습니다...
고마워요",5,2022-03-18T07:14:47-07:00,6.56.1,매냐자여
490,소리가 안들려,더자게됨,2,2022-03-17T07:16:22-07:00,6.56.1,돈내놓으라네요
491,오늘도 알람앱인데 알람이 안울리네요,덕분에 포켓몬빵가러 못갔어요^^,2,2022-03-16T16:18:39-07:00,6.56.1,양돼수지빈
492,진짜 아침부터 개빡치게할래요?,알람 퍼즐하는데 퍼즐이 터치가안돼요왜? 계속울리잖아요 진짜 아침부터 폰부술뻔봤네 계속진짜 40분동안 퍼즐이 한번이 터치가안되냐 다신안씁니다진짜로,1,2022-03-16T15:45:27-07:00,6.56.1,씟땅크
493,아이폰 개선 좀 해주세요,"알람 소리 애플뮤직에서 선택 가눙허게 해주세요
아이튠즈 지원 불가능하자나요ㅠㅠㅠㅠ",5,2022-03-13T15:02:50-07:00,6.56.1,킹갓제너럴박찬열
494,아니제발,알라미때매 하루 좆망했다 어이없어서 기도 안차네 하 ㅋㅋㅋㅋ 소리안나는 알람어플이라니 ~,1,2022-03-12T17:17:26-07:00,6.56.0,커터랑
495,맘대로 7만천원 혼자 결제해서 환불도 못받네요,"저는 1년 장기 서비스를 구독한적이
없는데 저는 결제된지도 모르고 4개월 후 에 알았네요 저는 무료체험중에 앱을 지운 상태였고 맘대로 결제가 되는 줄도 몰랐는데 이건 좀 심하네요; 7만천원이라니요; 어떻게든 환불받아야겠네요",1,2022-03-12T15:36:13-07:00,6.56.0,kalzhuss
496,개 망할 버그좀 고쳐라,똑같은 상황 똑같은 사진인데 계속 쳐 안 꺼지다가 폰 껐다가 켜거 다시찍으면 알람 해제됨 민감도 가장 낮게해도 ㅇㅈㄹ이다,1,2022-03-12T13:19:31-07:00,6.56.0,경이 아빠
497,영상을 보다가 알람시간이 되면 알람소리가 나야하는데 왜 보고있던 영상소리가 커질까요 알람소리가 나도록 할 수 없나요?,문의드립니다,5,2022-03-12T11:54:16-07:00,6.56.0,dorijang
498,유료 결제인건 괜찮은데,신박한 깨우기 기능들 너무 좋은 거 같아서 유료결제인거까진 좋은데요 구독형 말고 좀 비싸도 일회성 결제였으면 좋겠어요ㅠㅠ 일회성이면 사려고 했는데 구독 결제라서 부담스러워 참고 있음 ㅜㅜ,5,2022-03-11T11:47:09-07:00,6.56.0,잘가라배민
499,어플은 좋습니다!,광고문 뜬거 결제했는데 한달씩도 아니고 바로 1년 결제되어서요 앱 삭제해도 구독 취소도 안되고 아직 기간 5개월도 넘게 남았는데 남은 기간 환불 안될까요?,5,2022-03-11T05:29:41-07:00,6.56.0,보쿠토가_쥬아
